Workbook

Sheet Données brutes POS (Area)
A1: Internal Standard | B1: ID metabolomique : | C1: 084 | D1: 005 | E1: 029 | F1: 035 | G1: 030 | H1: 026 | I1: 021 | J1: 024 | K1: 023 | L1: 050 | M1: 022 | N1: 025 | O1: 032 | P1: 012 | Q1: 043 | R1: 048 | S1: 041 | T1: 047 | U1: 072 | V1: 076 | W1: 009 | X1: 078 | Y1: 077 | Z1: 069 | AA1: 096 | AB1: 051 | AC1: 040 | AD1: 002 | AE1: 017 | AF1: 093 | AG1: 073 | AH1: 071 | AI1: 008 | AJ1: 074 | AK1: 001 | AL1: 054 | AM1: 014 | AN1: 057 | AO1: 115 | AP1: 018 | AQ1: 064 | AR1: 061 | AS1: 066 | AT1: 065 | AU1: 015 | AV1: 068 | AW1: 010 | AX1: 007 | AY1: 053 | AZ1: 055 | BA1: 020 | BB1: 006 | BC1: 089 | BD1: 011 | BE1: 108 | BF1: 003 | BG1: 088 | BH1: 087 | BI1: 111 | BJ1: 004 | BK1: 062 | BL1: 059 | BM1: 113 | BN1: 105 | BO1: 102 | BP1: 101
A2: Famille | B2: Metabolite name | C2: 2200517ALG_global_pos01b | D2: 2200517ALG_global_pos02b | E2: 2200517ALG_global_pos03b | F2: 2200517ALG_global_pos04b | G2: 2200517ALG_global_pos05b | H2: 2200517ALG_global_pos06b | I2: 2200517ALG_global_pos07b | J2: 2200517ALG_global_pos08b | K2: 2200517ALG_global_pos09b | L2: 2200517ALG_global_pos10b | M2: 2200517ALG_global_pos11b | N2: 2200517ALG_global_pos12b | O2: 2200517ALG_global_pos13b | P2: 2200517ALG_global_pos14b | Q2: 2200517ALG_global_pos15b | R2: 2200517ALG_global_pos16b | S2: 2200517ALG_global_pos17b | T2: 2200517ALG_global_pos18b | U2: 2200517ALG_global_pos19b | V2: 2200517ALG_global_pos20b | W2: 2200517ALG_global_pos21b | X2: 2200517ALG_global_pos22b | Y2: 2200517ALG_global_pos23b | Z2: 2200517ALG_global_pos24b | AA2: 2200517ALG_global_pos25b | AB2: 2200517ALG_global_pos26b | AC2: 2200517ALG_global_pos27b | AD2: 2200517ALG_global_pos28b | AE2: 2200517ALG_global_pos29b | AF2: 2200517ALG_global_pos30b | AG2: 2200517ALG_global_pos31b | AH2: 2200517ALG_global_pos32b | AI2: 2200517ALG_global_pos33b | AJ2: 2200517ALG_global_pos34b | AK2: 2200517ALG_global_pos35b | AL2: 2200517ALG_global_pos36b | AM2: 2200517ALG_global_pos37b | AN2: 2200517ALG_global_pos38b | AO2: 2200517ALG_global_pos39b | AP2: 2200517ALG_global_pos40b | AQ2: 2200517ALG_global_pos41b | AR2: 2200517ALG_global_pos42b | AS2: 2200517ALG_global_pos43b | AT2: 2200517ALG_global_pos44b | AU2: 2200517ALG_global_pos45b | AV2: 2200517ALG_global_pos46b | AW2: 2200517ALG_global_pos47b | AX2: 2200517ALG_global_pos48b | AY2: 2200517ALG_global_pos49b | AZ2: 2200517ALG_global_pos50b | BA2: 2200517ALG_global_pos51b | BB2: 2200517ALG_global_pos52b | BC2: 2200517ALG_global_pos53b | BD2: 2200517ALG_global_pos54b | BE2: 2200517ALG_global_pos55b | BF2: 2200517ALG_global_pos56b | BG2: 2200517ALG_global_pos57b | BH2: 2200517ALG_global_pos58b | BI2: 2200517ALG_global_pos59b | BJ2: 2200517ALG_global_pos60b | BK2: 2200517ALG_global_pos61b | BL2: 2200517ALG_global_pos62b | BM2: 2200517ALG_global_pos63b | BN2: 2200517ALG_global_pos64b | BO2: 2200517ALG_global_pos65b | BP2: 2200517ALG_global_pos66b
A3: DG | B3: (1,2) DG 24:0 | C3: 220818 | D3: 88714.977 | E3: 87910.234 | F3: 114547.66 | G3: 147739.84 | H3: 291358.5 | I3: 264393.09 | J3: 124104.16 | K3: 106389.73 | L3: 278153.59 | M3: 61070.387 | N3: 210220.25 | O3: 197938.53 | P3: 190175.59 | Q3: 265142.97 | R3: 114951.95 | S3: 253074.34 | T3: 165506.55 | U3: 65721.078 | V3: 212496.62 | W3: 145033.42 | X3: 211997.19 | Y3: 206864.75 | Z3: 211096.5 | AA3: 200621.44 | AB3: 198733.33 | AC3: 156451.52 | AD3: 154097.05 | AE3: 255310.27 | AF3: 253326.84 | AG3: 250385.64 | AH3: 132573.08 | AI3: 278683.53 | AJ3: 270811.75 | AK3: 228855.25 | AL3: 221266.75 | AM3: 195001.89 | AN3: 213319.91 | AO3: 190333.34 | AP3: 214676.05 | AQ3: 241628.41 | AR3: 252017.75 | AS3: 234354.23 | AT3: 210439.52 | AU3: 229452.94 | AV3: 180394.2 | AW3: 196513.98 | AX3: 136513.2 | AY3: 119740.52 | AZ3: 112543.37 | BA3: 149585 | BB3: 160915.36 | BC3: 86359.609 | BD3: 158222.2 | BE3: 154251.83 | BF3: 146443.09 | BG3: 161457.84 | BH3: 102624.18 | BI3: 145921.77 | BJ3: 37011.613 | BK3: 84086.141 | BL3: 62546.063 | BM3: 137349.62 | BN3: 125598.08 | BO3: 125175.72 | BP3: 123853.66
A4: DG | B4: (1,2) DG 30:0 | C4: 1200.331 | D4: NQ | E4: 1307.275 | F4: 1154.99 | G4: 812.968 | H4: 1628.614 | I4: 1680.154 | J4: NQ | K4: NQ | L4: NQ | M4: NQ | N4: 1542.461 | O4: 1404.195 | P4: NQ | Q4: 1218.025 | R4: NQ | S4: 1066.753 | T4: NQ | U4: 1107.373 | V4: 1174.159 | W4: 2297.413 | X4: NQ | Y4: 825.674 | Z4: 965.175 | AA4: 843.325 | AB4: 3009.294 | AC4: 2035.217 | AD4: NQ | AE4: 1388.821 | AF4: NQ | AG4: 817.931 | AH4: 2566.433 | AI4: NQ | AJ4: NQ | AK4: NQ | AL4: 2017.533 | AM4: 1835.429 | AN4: 1186.21 | AO4: 1594.752 | AP4: NQ | AQ4: 9621.116 | AR4: 1936.229 | AS4: NQ | AT4: 2119.32 | AU4: 1396.533 | AV4: 3587.241 | AW4: 2958.81 | AX4: 2013.492 | AY4: 3631.862 | AZ4: 6976.441 | BA4: 2759.858 | BB4: 4090.84 | BC4: 12042.708 | BD4: 1367.747 | BE4: NQ | BF4: 3484.078 | BG4: NQ | BH4: NQ | BI4: 1798.409 | BJ4: 3735.347 | BK4: 5431.287 | BL4: 1084.719 | BM4: 2591.982 | BN4: 1283.869 | BO4: 1843.532 | BP4: 3061.309
A5: DG | B5: (1,2) DG 32:0 | C5: 18542.307 | D5: 8228.333 | E5: 15073.784 | F5: 13742.549 | G5: 11245.619 | H5: 15573.863 | I5: 18838.633 | J5: 7649.108 | K5: 9527.95 | L5: 8643.787 | M5: 6696.328 | N5: 11921.909 | O5: 13760.877 | P5: 7581.646 | Q5: 15356.388 | R5: 8094.95 | S5: 13201.139 | T5: 8856.325 | U5: 6089.062 | V5: 12857.174 | W5: 14835.619 | X5: 6576.427 | Y5: 7919.275 | Z5: 8364.26 | AA5: 15785.922 | AB5: 24811.688 | AC5: 12778.784 | AD5: 5636.12 | AE5: 11766.373 | AF5: 10253.621 | AG5: 8740.236 | AH5: 23020.641 | AI5: 7702.028 | AJ5: 5573.416 | AK5: 9802.109 | AL5: 18169.109 | AM5: 19274.947 | AN5: 12156.941 | AO5: 18428.154 | AP5: 7951.684 | AQ5: 44251.223 | AR5: 10688.411 | AS5: 9588.733 | AT5: 18517.209 | AU5: 8986.733 | AV5: 17722.338 | AW5: 18446.154 | AX5: 21554.816 | AY5: 54463.559 | AZ5: 44787.746 | BA5: 34415.707 | BB5: 17362.465 | BC5: 57035.402 | BD5: 9035.228 | BE5: 6531.598 | BF5: 31515.119 | BG5: 9349.125 | BH5: 10419.281 | BI5: 26474.813 | BJ5: 41160.629 | BK5: 31788.914 | BL5: 22478.258 | BM5: 17883.105 | BN5: 13635.456 | BO5: 25502.643 | BP5: 33716.023
A6: DG | B6: (1,2) DG 32:1 | C6: 6353.692 | D6: 3804.828 | E6: 7752.825 | F6: 7524.884 | G6: 5109.438 | H6: 16576.305 | I6: 17090.178 | J6: 3207.22 | K6: 3473.267 | L6: 3772.823 | M6: 4608.281 | N6: 10780.928 | O6: 7305.376 | P6: 2632.608 | Q6: 10363.021 | R6: 2119.503 | S6: 7829.066 | T6: 2942.507 | U6: 7579.228 | V6: 6677.354 | W6: 15722.652 | X6: 1581.579 | Y6: 3927.142 | Z6: 6468.879 | AA6: 6590.373 | AB6: 19437.854 | AC6: 7395.354 | AD6: 1496.066 | AE6: 9706.571 | AF6: 5902.074 | AG6: 7242.75 | AH6: 13160.958 | AI6: 2856.121 | AJ6: 1761.875 | AK6: 1823.938 | AL6: 21341.309 | AM6: 7844.93 | AN6: 4782.32 | AO6: 11884.441 | AP6: 4473.736 | AQ6: 31215.959 | AR6: 9339.758 | AS6: 2973.189 | AT6: 12810.317 | AU6: 12384.76 | AV6: 17972.373 | AW6: 22439.145 | AX6: 19547.385 | AY6: 31333.969 | AZ6: 27190.824 | BA6: 11409.688 | BB6: 17164.986 | BC6: 46749.203 | BD6: 7354.241 | BE6: 4719.727 | BF6: 23679.363 | BG6: 7859.375 | BH6: 2842.944 | BI6: 18969.639 | BJ6: 40361.961 | BK6: 34976.082 | BL6: 16854.383 | BM6: 12422.854 | BN6: 6272.325 | BO6: 10021.397 | BP6: 17351.262
A7: DG | B7: (1,2) DG 34:0 | C7: 16494.787 | D7: 8304.484 | E7: 13005.301 | F7: 12437.38 | G7: 11761.371 | H7: 14192.081 | I7: 17238.48 | J7: 7475.241 | K7: 9691.862 | L7: 10556.717 | M7: 6889.663 | N7: 11424.023 | O7: 12480.73 | P7: 7663.206 | Q7: 16175.938 | R7: 7556.846 | S7: 13369.896 | T7: 10301.549 | U7: 6491.347 | V7: 12999.357 | W7: 15014.632 | X7: 7953.06 | Y7: 7383.841 | Z7: 9394.41 | AA7: 15754.821 | AB7: 21152.764 | AC7: 11114.991 | AD7: 7488.154 | AE7: 10038.686 | AF7: 9696.686 | AG7: 8710.439 | AH7: 20060.67 | AI7: 7628.086 | AJ7: 6383.818 | AK7: 7908.168 | AL7: 16698.154 | AM7: 15274.63 | AN7: 10965.348 | AO7: 18014.617 | AP7: 12260.729 | AQ7: 25918.105 | AR7: 10451.282 | AS7: 8349.882 | AT7: 12842.344 | AU7: 9646.71 | AV7: 14814.693 | AW7: 12923.075 | AX7: 17637.574 | AY7: 37435.559 | AZ7: 30920.754 | BA7: 22590.238 | BB7: 18348.061 | BC7: 37290.684 | BD7: 9173.318 | BE7: 7609.531 | BF7: 24978.049 | BG7: 12998.447 | BH7: 9616.5 | BI7: 19001.236 | BJ7: 25551.719 | BK7: 15137.779 | BL7: 13838.907 | BM7: 14608.459 | BN7: 11367.135 | BO7: 20580.381 | BP7: 17986.203
A8: DG | B8: (1,2) DG 34:1 | C8: 139873.27 | D8: 62702.211 | E8: 92916.984 | F8: 83198.391 | G8: 78882.984 | H8: 100504.31 | I8: 148827.17 | J8: 40177.363 | K8: 76134.805 | L8: 61237.379 | M8: 36137.785 | N8: 75236.969 | O8: 81044.961 | P8: 54661.895 | Q8: 106721.84 | R8: 43627.699 | S8: 84518.688 | T8: 50434.613 | U8: 44082.422 | V8: 75543.68 | W8: 116617.89 | X8: 21685.262 | Y8: 40995.418 | Z8: 53266.281 | AA8: 99349.828 | AB8: 196071.02 | AC8: 65728.75 | AD8: 40885.871 | AE8: 64312.676 | AF8: 54924.887 | AG8: 66753 | AH8: 122856.8 | AI8: 39986.887 | AJ8: 28815.307 | AK8: 48382.477 | AL8: 147756.83 | AM8: 110907.52 | AN8: 69868.383 | AO8: 164009.36 | AP8: 38814.57 | AQ8: 238483.39 | AR8: 63213.43 | AS8: 43481.184 | AT8: 103146.9 | AU8: 61928.719 | AV8: 131051.63 | AW8: 109855.28 | AX8: 177454.48 | AY8: 335052.47 | AZ8: 232463 | BA8: 181161.64 | BB8: 116617.8 | BC8: 317390.81 | BD8: 52310.262 | BE8: 44017.586 | BF8: 180508.89 | BG8: 96525.406 | BH8: 53378.34 | BI8: 190457.52 | BJ8: 334768.5 | BK8: 151449.73 | BL8: 147103.34 | BM8: 93450.43 | BN8: 68314.219 | BO8: 94423.563 | BP8: 134821.77
A9: DG | B9: (1,2) DG 34:2 | C9: 43937.527 | D9: 19755.055 | E9: 30035.66 | F9: 24852.381 | G9: 16682.834 | H9: 34751.066 | I9: 46344.648 | J9: 20474.75 | K9: 36154.121 | L9: 16606.455 | M9: 11535.439 | N9: 26059.867 | O9: 45392.379 | P9: 12662.45 | Q9: 47854.836 | R9: 24166.051 | S9: 24889.955 | T9: 13354.34 | U9: 15538.144 | V9: 20910.043 | W9: 40765.961 | X9: 9250.409 | Y9: 16657.926 | Z9: 19162.119 | AA9: 20128.434 | AB9: 54099.453 | AC9: 15878.581 | AD9: 26388.137 | AE9: 23375.24 | AF9: 20228.887 | AG9: 22602.33 | AH9: 34122.539 | AI9: 17400.164 | AJ9: 11650.458 | AK9: 30414.26 | AL9: 39702.031 | AM9: 32711.4 | AN9: 22251.582 | AO9: 46036.195 | AP9: 29202.572 | AQ9: 155672.7 | AR9: 24639.748 | AS9: 33888.34 | AT9: 35931.637 | AU9: 31585.902 | AV9: 41116.328 | AW9: 58134.43 | AX9: 64257.734 | AY9: 166149.42 | AZ9: 80647.758 | BA9: 55860.805 | BB9: 44200.211 | BC9: 99012.578 | BD9: 22438.225 | BE9: 16832.842 | BF9: 66571.531 | BG9: 27063.316 | BH9: 31696.01 | BI9: 79319.102 | BJ9: 108588.34 | BK9: 70623.195 | BL9: 60378.031 | BM9: 25698.412 | BN9: 28865.26 | BO9: 34495.465 | BP9: 64843.367
A10: DG | B10: (1,2) DG 34:3 | C10: 3830.162 | D10: 2377.084 | E10: 4082.891 | F10: 4025.307 | G10: 1624.65 | H10: 6458.61 | I10: 5181.144 | J10: 3203.505 | K10: 3411.768 | L10: 2640.41 | M10: 2101.316 | N10: 3695.511 | O10: 5004.85 | P10: 1463.692 | Q10: 5506.818 | R10: 2659.958 | S10: 3191.114 | T10: 1673.849 | U10: 3627.578 | V10: 2970.545 | W10: 5744.176 | X10: 1470.966 | Y10: 3758.74 | Z10: 3699.633 | AA10: 1874.745 | AB10: 5188.952 | AC10: 2772.25 | AD10: 3574.529 | AE10: 4080.142 | AF10: 3817.91 | AG10: 3824.112 | AH10: 4928.883 | AI10: 3030.168 | AJ10: 1975.461 | AK10: 3070.444 | AL10: 5502.581 | AM10: 3234.222 | AN10: 2356.65 | AO10: 5108.189 | AP10: 5947.374 | AQ10: 14658.392 | AR10: 5013.9 | AS10: 4281.789 | AT10: 5432.897 | AU10: 7359.157 | AV10: 6523.051 | AW10: 7715.677 | AX10: 7768.934 | AY10: 14808.496 | AZ10: 8438.035 | BA10: 4695.678 | BB10: 6121.702 | BC10: 10508.337 | BD10: 4580.14 | BE10: 3422.332 | BF10: 8029.478 | BG10: 2992.274 | BH10: 4372.881 | BI10: 8948.012 | BJ10: 19489.215 | BK10: 12634.364 | BL10: 7675.424 | BM10: 3488.4 | BN10: 4008.281 | BO10: 3467.055 | BP10: 8506.921
A11: DG | B11: (1,2) DG 36:0 | C11: 2261.085 | D11: 1087.068 | E11: 2088.991 | F11: 1804.748 | G11: 1780.17 | H11: 1785.162 | I11: 1907.17 | J11: 1445.836 | K11: 1711.078 | L11: 1798.733 | M11: 1283.74 | N11: 1743.938 | O11: 1612.799 | P11: 1105.05 | Q11: 2374.394 | R11: 1567.605 | S11: 2194.211 | T11: 2179.168 | U11: 948.464 | V11: 2399.608 | W11: 2540.68 | X11: 2064.047 | Y11: 1560.485 | Z11: 1969.078 | AA11: 3144.258 | AB11: 2736.385 | AC11: 1607.564 | AD11: 1646.671 | AE11: 1936.93 | AF11: 1739.094 | AG11: 1289.547 | AH11: 3236.68 | AI11: 1841.861 | AJ11: 1274.667 | AK11: 1368.597 | AL11: 2300.116 | AM11: 1495.838 | AN11: 1766.049 | AO11: 1951.093 | AP11: 6560.954 | AQ11: 2827.318 | AR11: 1549.073 | AS11: 1476.468 | AT11: 1399.638 | AU11: 1688.485 | AV11: 1609.567 | AW11: 1733.346 | AX11: 2875.364 | AY11: 4314.515 | AZ11: 3104.38 | BA11: 2220.312 | BB11: 3208.993 | BC11: 3752.26 | BD11: 1107.875 | BE11: 1384.624 | BF11: 3964.666 | BG11: 2112.94 | BH11: 1628.818 | BI11: 2534.396 | BJ11: 1648.541 | BK11: 1801.479 | BL11: 1665.479 | BM11: 2616.578 | BN11: 1882.611 | BO11: 3866.106 | BP11: 2648.563
A12: DG | B12: (1,2) DG 36:1 | C12: 21517.738 | D12: 9470.872 | E12: 17380.719 | F12: 15944.613 | G12: 12869.938 | H12: 10108.301 | I12: 14120.081 | J12: 8805.736 | K12: 12600.22 | L12: 10246.939 | M12: 7092.213 | N12: 9836.455 | O12: 11075.62 | P12: 9024.515 | Q12: 15553.789 | R12: 7632.969 | S12: 13750.384 | T12: 10164.5 | U12: 9427.95 | V12: 14921.688 | W12: 16662.498 | X12: 4999.001 | Y12: 8182.143 | Z12: 9577.171 | AA12: 19195.816 | AB12: 22749.699 | AC12: 10430.573 | AD12: 6633.198 | AE12: 11081.83 | AF12: 9393.98 | AG12: 9461.597 | AH12: 28211.943 | AI12: 7570.427 | AJ12: 6844.512 | AK12: 6621.876 | AL12: 17861.236 | AM12: 15683.508 | AN12: 11501.611 | AO12: 12597.146 | AP12: 15799.519 | AQ12: 27984.273 | AR12: 10899.777 | AS12: 9030.392 | AT12: 11435.004 | AU12: 6127.698 | AV12: 14738.959 | AW12: 14370.237 | AX12: 38021.773 | AY12: 44878.293 | AZ12: 30091.711 | BA12: 20735.674 | BB12: 21264.799 | BC12: 40606.305 | BD12: 9282.3 | BE12: 8376.981 | BF12: 31712.594 | BG12: 15454.487 | BH12: 13692.76 | BI12: 29800.191 | BJ12: 25138.705 | BK12: 14837.676 | BL12: 21224.641 | BM12: 13861.428 | BN12: 11965.592 | BO12: 20046.131 | BP12: 20833.295
A13: DG | B13: (1,2) DG 36:2 | C13: 160693.97 | D13: 77379.258 | E13: 63871.098 | F13: 61451.109 | G13: 89421.555 | H13: 58784.625 | I13: 68725.102 | J13: 68592.953 | K13: 92058.688 | L13: 85113.594 | M13: 54812.977 | N13: 61783.18 | O13: 73138.57 | P13: 63377.711 | Q13: 71037.211 | R13: 65074.586 | S13: 65170.086 | T13: 74359.039 | U13: 76823.016 | V13: 94919.023 | W13: 75716.266 | X13: 45019.25 | Y13: 65486.313 | Z13: 73483.648 | AA13: 60398.047 | AB13: 110920.16 | AC13: 68530.414 | AD13: 58481.328 | AE13: 81247.75 | AF13: 47356.508 | AG13: 73131.586 | AH13: 81244.188 | AI13: 64200.527 | AJ13: 51101.105 | AK13: 54761.934 | AL13: 75196.273 | AM13: 99641.219 | AN13: 73653.164 | AO13: 91457.906 | AP13: 45898.145 | AQ13: 133985.38 | AR13: 50974.867 | AS13: 67407.773 | AT13: 58174.234 | AU13: 50933.43 | AV13: 79927.164 | AW13: 89727.617 | AX13: 236952.86 | AY13: 188648.78 | AZ13: 205921.48 | BA13: 113740.34 | BB13: 100410.55 | BC13: 183167.58 | BD13: 67315.922 | BE13: 70810.602 | BF13: 124388.67 | BG13: 96074.625 | BH13: 88722.305 | BI13: 145475.98 | BJ13: 235990.73 | BK13: 92924.883 | BL13: 135109.56 | BM13: 87887.93 | BN13: 84327.445 | BO13: 84275.063 | BP13: 109276.8
A14: DG | B14: (1,2) DG 36:3 | C14: 116730.56 | D14: 48611.516 | E14: 69278.25 | F14: 68523.188 | G14: 36167.594 | H14: 68542 | I14: 73887.805 | J14: 54321.621 | K14: 67499.156 | L14: 42330 | M14: 24016.295 | N14: 40274.73 | O14: 91332.781 | P14: 34366.387 | Q14: 60143.996 | R14: 59294.148 | S14: 51949.219 | T14: 35103.922 | U14: 25994.959 | V14: 41287.461 | W14: 69861.313 | X14: 32936.84 | Y14: 47236.773 | Z14: 51013.543 | AA14: 43685.863 | AB14: 81183.719 | AC14: 33177.977 | AD14: 71560.961 | AE14: 50241.891 | AF14: 57506.324 | AG14: 45569.816 | AH14: 72069.125 | AI14: 50452.91 | AJ14: 36900.168 | AK14: 59320.859 | AL14: 56554.004 | AM14: 65686.359 | AN14: 46168.168 | AO14: 71438.148 | AP14: 45313.117 | AQ14: 207736.56 | AR14: 69831.617 | AS14: 47835.316 | AT14: 77099.164 | AU14: 64688.246 | AV14: 80379.883 | AW14: 57133.605 | AX14: 121341.58 | AY14: 215451.47 | AZ14: 125257.95 | BA14: 105447.34 | BB14: 94244.531 | BC14: 144208.03 | BD14: 60481.414 | BE14: 50721.988 | BF14: 103277.46 | BG14: 75004.953 | BH14: 96479.375 | BI14: 142146.72 | BJ14: 186028.73 | BK14: 96127.781 | BL14: 105945.59 | BM14: 46876.277 | BN14: 79608.828 | BO14: 88442.047 | BP14: 106988.81
A15: DG | B15: (1,2) DG 36:4 | C15: 6828.484 | D15: 2514.339 | E15: 4408.729 | F15: 4028.566 | G15: 1897.459 | H15: 4523.233 | I15: 4190.244 | J15: 4296.278 | K15: 5203.78 | L15: 2238.62 | M15: 1083.768 | N15: 2672.077 | O15: 10575.712 | P15: 2355.701 | Q15: 3672.914 | R15: 4208.491 | S15: 3206.969 | T15: 1759.46 | U15: 2742.368 | V15: 2405.527 | W15: 5762.356 | X15: 2225.999 | Y15: 3147.942 | Z15: 3200.395 | AA15: 1972.58 | AB15: 5877.467 | AC15: 1434.442 | AD15: 9078.652 | AE15: 5110.822 | AF15: 3211.2 | AG15: 2665.881 | AH15: 4023.828 | AI15: 3931.487 | AJ15: 3389.133 | AK15: 5930.341 | AL15: 3459.084 | AM15: 5086.884 | AN15: 4479.602 | AO15: 5024.826 | AP15: 16975.613 | AQ15: 29593.066 | AR15: 6245.352 | AS15: 8997.983 | AT15: 6523.274 | AU15: 4917.851 | AV15: 6194.371 | AW15: 2800.263 | AX15: 12179.478 | AY15: 25170.486 | AZ15: 8118.926 | BA15: 7488.204 | BB15: 8571.025 | BC15: 9903.479 | BD15: 4675.839 | BE15: 2933.675 | BF15: 5190.311 | BG15: 3438.672 | BH15: 9864.552 | BI15: 9959.728 | BJ15: 18235.055 | BK15: 6206.044 | BL15: 6445.257 | BM15: 2942.064 | BN15: 6718.286 | BO15: 4340.297 | BP15: 8158.054
A16: DG | B16: (1,2) DG 38:2 | C16: 2029.023 | D16: NQ | E16: 1281.229 | F16: 1644.273 | G16: 977.51 | H16: 826.25 | I16: NQ | J16: NQ | K16: NQ | L16: 809.996 | M16: NQ | N16: 882.911 | O16: 951.06 | P16: NQ | Q16: 881.557 | R16: NQ | S16: 846.671 | T16: NQ | U16: NQ | V16: 1036.719 | W16: 1479.463 | X16: NQ | Y16: NQ | Z16: 1154.406 | AA16: 1303.212 | AB16: 1474.261 | AC16: NQ | AD16: NQ | AE16: 1077.345 | AF16: 1219.235 | AG16: 883.347 | AH16: 2490.526 | AI16: NQ | AJ16: NQ | AK16: NQ | AL16: 1484.768 | AM16: 1010.566 | AN16: 894.791 | AO16: 1065.067 | AP16: 4374.849 | AQ16: 1412.834 | AR16: 1807.129 | AS16: NQ | AT16: 1115.309 | AU16: 859.914 | AV16: 1714.518 | AW16: 1358.435 | AX16: 2973.657 | AY16: 1616.503 | AZ16: 2380.751 | BA16: 1985.538 | BB16: 2012.475 | BC16: 2886.661 | BD16: 1068.912 | BE16: NQ | BF16: 2864.094 | BG16: 2915.327 | BH16: 888.214 | BI16: 3108.861 | BJ16: 2081.594 | BK16: 3132.429 | BL16: 2774.523 | BM16: 1311.354 | BN16: 841.198 | BO16: 2296.059 | BP16: 1058.992
A17: DG | B17: (1,3) DG 24:0 | C17: 554422 | D17: 867946.75 | E17: 674294.06 | F17: 1041990.3 | G17: 796854.31 | H17: 1517562.4 | I17: 1335465.6 | J17: 1050868.8 | K17: 718776.25 | L17: 994954.94 | M17: 630655.5 | N17: 1175072.8 | O17: 1007820.6 | P17: 1192473.5 | Q17: 1076195.2 | R17: 955692.56 | S17: 1336717.6 | T17: 668827.38 | U17: 691687.31 | V17: 1091558.1 | W17: 789649.38 | X17: 1015709.8 | Y17: 877175.06 | Z17: 1077208.6 | AA17: 1130547.8 | AB17: 905929.12 | AC17: 815240.62 | AD17: 782605.19 | AE17: 1184774.8 | AF17: 1189545.2 | AG17: 1263397 | AH17: 914795.38 | AI17: 1382882.2 | AJ17: 1211541.1 | AK17: 1136106.5 | AL17: 1049969.2 | AM17: 953818.25 | AN17: 462712.25 | AO17: 1079239.4 | AP17: 1062821.2 | AQ17: 1217238.8 | AR17: 1123246.8 | AS17: 794082.31 | AT17: 1091748.8 | AU17: 1173957.8 | AV17: 1007953.2 | AW17: 1067254.2 | AX17: 946548.12 | AY17: 928897.06 | AZ17: 989777.44 | BA17: 628133.06 | BB17: 978834.19 | BC17: 795719.06 | BD17: 1073407 | BE17: 852403 | BF17: 923484.62 | BG17: 709388.38 | BH17: 784159.94 | BI17: 954317.81 | BJ17: 323050.41 | BK17: 577636.81 | BL17: 405308.41 | BM17: 947329.44 | BN17: 757941.38 | BO17: 916305.25 | BP17: 929705.56
A18: DG | B18: (1,3) DG 30:0 | C18: 880.872 | D18: NQ | E18: NQ | F18: NQ | G18: NQ | H18: 5102.03 | I18: 5773.971 | J18: NQ | K18: NQ | L18: 1900.203 | M18: NQ | N18: 2168.469 | O18: 2943.959 | P18: 2851.016 | Q18: 2867.632 | R18: NQ | S18: 3330.704 | T18: NQ | U18: NQ | V18: 1584.937 | W18: NQ | X18: 939.086 | Y18: 2808.159 | Z18: 3712.253 | AA18: 1109.436 | AB18: 3921.88 | AC18: 7825.688 | AD18: NQ | AE18: 3561.112 | AF18: 3293.103 | AG18: 2212.105 | AH18: 2601.005 | AI18: 2228.071 | AJ18: 1739.599 | AK18: 1598.39 | AL18: 6568.423 | AM18: 6537.884 | AN18: 4475.6 | AO18: 3841.03 | AP18: 2341.593 | AQ18: 33818.152 | AR18: 9800.204 | AS18: 1825.027 | AT18: 5873.303 | AU18: 4610.868 | AV18: 6037.593 | AW18: 8183.321 | AX18: 8275.248 | AY18: 15974.137 | AZ18: 27455.77 | BA18: 4799.079 | BB18: 8793.771 | BC18: 19099.059 | BD18: 2783.054 | BE18: 1895.155 | BF18: 11941.875 | BG18: 2871.359 | BH18: NQ | BI18: 4236.333 | BJ18: 7095.952 | BK18: 11890.873 | BL18: 1573.32 | BM18: 6912.278 | BN18: 1582.8 | BO18: 4699.767 | BP18: 8273.714
A19: DG | B19: (1,3) DG 30:1 | C19: NQ | D19: NQ | E19: NQ | F19: NQ | G19: NQ | H19: 2398.332 | I19: 2772.417 | J19: NQ | K19: NQ | L19: 1012.58 | M19: NQ | N19: 1476.024 | O19: 1159.303 | P19: 1171.676 | Q19: 1774.396 | R19: NQ | S19: 1620.414 | T19: NQ | U19: NQ | V19: NQ | W19: NQ | X19: NQ | Y19: 1275.124 | Z19: 1690.151 | AA19: NQ | AB19: 1065.503 | AC19: 3130.227 | AD19: NQ | AE19: 2026.045 | AF19: 1706.93 | AG19: 1286.34 | AH19: 1149.28 | AI19: 1011.037 | AJ19: NQ | AK19: NQ | AL19: 4247.6 | AM19: 2113.451 | AN19: 1614.841 | AO19: 1946.028 | AP19: 1635.061 | AQ19: 12930.962 | AR19: 5323.029 | AS19: NQ | AT19: 2275.979 | AU19: 4104.099 | AV19: 2300.676 | AW19: 8077.691 | AX19: 5014.759 | AY19: 6282.916 | AZ19: 9162.27 | BA19: 1983.636 | BB19: 6072.724 | BC19: 9038.02 | BD19: 1965.41 | BE19: 1085.068 | BF19: 5646.225 | BG19: 2057.578 | BH19: NQ | BI19: 3094.299 | BJ19: 4596.044 | BK19: 8366.961 | BL19: 1689.637 | BM19: 3048.863 | BN19: 800.92 | BO19: 1441.883 | BP19: 3012.507
A20: DG | B20: (1,3) DG 32:0 | C20: 22868.422 | D20: 3514.272 | E20: 4547.448 | F20: 8325.815 | G20: 7475.192 | H20: 50782.543 | I20: 62471.133 | J20: 5020.991 | K20: 4302.341 | L20: 35761.875 | M20: 1683.444 | N20: 27132.648 | O20: 30352.486 | P20: 31538.629 | Q20: 50278.539 | R20: 7364.206 | S20: 43491.434 | T20: 9618.368 | U20: 1695.123 | V20: 25354.389 | W20: 14248.689 | X20: 26156.061 | Y20: 36023.352 | Z20: 36357.125 | AA20: 32357.039 | AB20: 31275.303 | AC20: 55840.445 | AD20: 8387.503 | AE20: 32776.348 | AF20: 42462.98 | AG20: 35036.973 | AH20: 37330.887 | AI20: 31591.885 | AJ20: 26588.387 | AK20: 36172.805 | AL20: 66690.125 | AM20: 67793.633 | AN20: 54912.422 | AO20: 62722.883 | AP20: 33506.219 | AQ20: 158492.62 | AR20: 45889.445 | AS20: 37151.172 | AT20: 58171.395 | AU20: 36210.375 | AV20: 31477.568 | AW20: 63228.559 | AX20: 91180.359 | AY20: 181963.8 | AZ20: 139558.72 | BA20: 98984.25 | BB20: 52135.43 | BC20: 89923.813 | BD20: 31185.514 | BE20: 21824.83 | BF20: 120159.63 | BG20: 35502.93 | BH20: 17061.723 | BI20: 88292.055 | BJ20: 81094.797 | BK20: 90993.797 | BL20: 52134.914 | BM20: 46413.23 | BN20: 29431.322 | BO20: 74861.781 | BP20: 96780.617
A21: DG | B21: (1,3) DG 32:1 | C21: 13100.796 | D21: 2558.702 | E21: 5213.748 | F21: 8217.541 | G21: 4835.213 | H21: 39367.551 | I21: 46382.16 | J21: 2463.137 | K21: 2490.414 | L21: 14404.851 | M21: 2436.027 | N21: 29157.426 | O21: 17535.027 | P21: 12067.063 | Q21: 31149.531 | R21: 2169.828 | S21: 23348.328 | T21: 4265.722 | U21: 3693.263 | V21: 14521.924 | W21: 14965.556 | X21: 7005.573 | Y21: 16380.307 | Z21: 19383.322 | AA21: 13553.531 | AB21: 21140.953 | AC21: 33781.246 | AD21: 3837.034 | AE21: 28405.695 | AF21: 26223.725 | AG21: 23069.662 | AH21: 30045.391 | AI21: 11274.914 | AJ21: 8754.99 | AK21: 8580.476 | AL21: 71788.422 | AM21: 32952.449 | AN21: 22719.916 | AO21: 44811.234 | AP21: 21099.375 | AQ21: 92997.773 | AR21: 50608.02 | AS21: 12063.632 | AT21: 31563.512 | AU21: 39789.82 | AV21: 34226.352 | AW21: 90148.516 | AX21: 99339.516 | AY21: 124882.85 | AZ21: 98925.953 | BA21: 39875.539 | BB21: 60883.918 | BC21: 93122.547 | BD21: 32073.051 | BE21: 18976.045 | BF21: 106709 | BG21: 33766.867 | BH21: 6973.991 | BI21: 77347.859 | BJ21: 111731.7 | BK21: 121120.91 | BL21: 56764.977 | BM21: 38404.258 | BN21: 19003.318 | BO21: 29799.02 | BP21: 61405.066
A22: DG | B22: (1,3) DG 34:0 | C22: 28044.533 | D22: 10423.009 | E22: 14740.5 | F22: 18190.957 | G22: 21776.928 | H22: 44629.066 | I22: 56243.016 | J22: 12003.074 | K22: 12547.612 | L22: 48323.461 | M22: 7529.75 | N22: 30482.227 | O22: 31438.16 | P22: 27371.301 | Q22: 53858.906 | R22: 12976.265 | S22: 42083.301 | T22: 21825.436 | U22: 6807.291 | V22: 35547.805 | W22: 28403.613 | X22: 41443.473 | Y22: 32127.014 | Z22: 37998.754 | AA22: 40035.969 | AB22: 33186.008 | AC22: 40794.133 | AD22: 21772.76 | AE22: 38312.852 | AF22: 38081.336 | AG22: 29197.242 | AH22: 50454.617 | AI22: 30008.277 | AJ22: 30972.371 | AK22: 29264.816 | AL22: 59076.418 | AM22: 52865.254 | AN22: 44545.383 | AO22: 47851.293 | AP22: 50685.082 | AQ22: 106054.66 | AR22: 45332.957 | AS22: 32812.148 | AT22: 38079.488 | AU22: 37014.234 | AV22: 33142.996 | AW22: 41417.789 | AX22: 87182.641 | AY22: 157688 | AZ22: 128670.17 | BA22: 86970.602 | BB22: 60986.168 | BC22: 102933.73 | BD22: 36462.684 | BE22: 26522.629 | BF22: 106475.45 | BG22: 46031.094 | BH22: 23810.018 | BI22: 72253.586 | BJ22: 88921.078 | BK22: 68433.109 | BL22: 51055.52 | BM22: 47794.855 | BN22: 35535.5 | BO22: 55492.559 | BP22: 69063.703
A23: DG | B23: (1,3) DG 34:1 | C23: 344757.78 | D23: 80754.625 | E23: 154658.67 | F23: 163999.22 | G23: 126426.45 | H23: 234263.08 | I23: 339393.12 | J23: 61479.035 | K23: 77934.133 | L23: 133824.7 | M23: 46646.938 | N23: 183032.84 | O23: 245439.91 | P23: 108615 | Q23: 230784.27 | R23: 74878.289 | S23: 221535.47 | T23: 97741.133 | U23: 55112.785 | V23: 134937.41 | W23: 170399.42 | X23: 94323.234 | Y23: 123237.6 | Z23: 153087.53 | AA23: 194181.75 | AB23: 248797.31 | AC23: 182526.02 | AD23: 107990.63 | AE23: 167265.77 | AF23: 169151.09 | AG23: 149158.11 | AH23: 393828.84 | AI23: 123722.51 | AJ23: 107134.48 | AK23: 138857.09 | AL23: 475369.75 | AM23: 272376.38 | AN23: 197969.11 | AO23: 347205.31 | AP23: 150365.64 | AQ23: 656559.31 | AR23: 221203.97 | AS23: 153884.11 | AT23: 267758.44 | AU23: 187974.27 | AV23: 298632.56 | AW23: 317575 | AX23: 809201.69 | AY23: 1251710.4 | AZ23: 499609.12 | BA23: 717271.38 | BB23: 445648.97 | BC23: 970319.06 | BD23: 226246.86 | BE23: 146340.95 | BF23: 840972.88 | BG23: 326629.47 | BH23: 148100.08 | BI23: 738741.5 | BJ23: 1118573.9 | BK23: 724262.88 | BL23: 627107.88 | BM23: 301952.56 | BN23: 237396.77 | BO23: 375747.22 | BP23: 499262.41
A24: DG | B24: (1,3) DG 34:2 | C24: 137419.16 | D24: 49004.18 | E24: 78702.117 | F24: 88458.586 | G24: 47246.629 | H24: 124298.7 | I24: 119747.86 | J24: 48309.008 | K24: 56942.176 | L24: 66755.078 | M24: 27720.246 | N24: 102218.2 | O24: 126710.25 | P24: 56522.742 | Q24: 112941.8 | R24: 63689.871 | S24: 87398.57 | T24: 41462.336 | U24: 36704.816 | V24: 64272.918 | W24: 112627.52 | X24: 47461.398 | Y24: 78794.383 | Z24: 72393.172 | AA24: 69272.969 | AB24: 118373.09 | AC24: 76131.953 | AD24: 94918.984 | AE24: 92751.352 | AF24: 93455.023 | AG24: 82583.563 | AH24: 128024.18 | AI24: 78961.352 | AJ24: 54463.496 | AK24: 113967.95 | AL24: 131459.67 | AM24: 130147.21 | AN24: 95299.969 | AO24: 131691.34 | AP24: 143270.55 | AQ24: 437856.16 | AR24: 111339.14 | AS24: 131617.42 | AT24: 117927.43 | AU24: 108301.12 | AV24: 146135.86 | AW24: 180769.12 | AX24: 253878.67 | AY24: 771439.06 | AZ24: 302197.97 | BA24: 245903.19 | BB24: 142188.53 | BC24: 402092.44 | BD24: 116925.22 | BE24: 100081.38 | BF24: 295954.84 | BG24: 129341.76 | BH24: 136103.02 | BI24: 349912.84 | BJ24: 603681.25 | BK24: 340166.59 | BL24: 251998.72 | BM24: 111426.62 | BN24: 118540.88 | BO24: 156426.66 | BP24: 253062.22
A25: DG | B25: (1,3) DG 34:3 | C25: 8949.228 | D25: 4684.475 | E25: 7976.083 | F25: 9716.906 | G25: 3715.355 | H25: 14852.448 | I25: 14350.744 | J25: 5677.463 | K25: 5470.669 | L25: 6243.761 | M25: 3374.2 | N25: 11337.175 | O25: 11836.813 | P25: 4064.64 | Q25: 12016.203 | R25: 5171.23 | S25: 8951.846 | T25: 3272.642 | U25: 6750.516 | V25: 6351.499 | W25: 12580.294 | X25: 4176.649 | Y25: 7919.039 | Z25: 8293.503 | AA25: 4385.185 | AB25: 11725.446 | AC25: 6210.965 | AD25: 9773.861 | AE25: 13283.441 | AF25: 9469.899 | AG25: 8476.827 | AH25: 14665.589 | AI25: 5784.194 | AJ25: 4272.985 | AK25: 7711.374 | AL25: 15643.293 | AM25: 10297.206 | AN25: 6980.17 | AO25: 13341.465 | AP25: 20135.285 | AQ25: 39604.762 | AR25: 14671.572 | AS25: 10529.795 | AT25: 14658.721 | AU25: 20730.34 | AV25: 17556.568 | AW25: 23232.332 | AX25: 26686.527 | AY25: 60046.691 | AZ25: 26876.813 | BA25: 14797.128 | BB25: 25191.238 | BC25: 36360.68 | BD25: 15559.135 | BE25: 10680.863 | BF25: 31160.461 | BG25: 11071.088 | BH25: 11815.842 | BI25: 33130.941 | BJ25: 72002.891 | BK25: 41804.957 | BL25: 30334.613 | BM25: 12099.122 | BN25: 12942.966 | BO25: 12480.871 | BP25: 35796.316
A26: DG | B26: (1,3) DG 36:0 | C26: 7187.943 | D26: 2982.079 | E26: 5360.738 | F26: 5569.093 | G26: 7367.419 | H26: 7759.434 | I26: 6566.866 | J26: 5278.436 | K26: 4394.572 | L26: 7671.844 | M26: 2843.585 | N26: 6627.371 | O26: 4156.182 | P26: 6820.79 | Q26: 8536.808 | R26: 4556.791 | S26: 6975.884 | T26: 8442.216 | U26: 2232.626 | V26: 7925.914 | W26: 7525.986 | X26: 10592.759 | Y26: 7653.079 | Z26: 8246.588 | AA26: 11226.315 | AB26: 7383.161 | AC26: 6753.66 | AD26: 7232.2 | AE26: 5834.496 | AF26: 6357.289 | AG26: 6292.58 | AH26: 6873.708 | AI26: 5854.05 | AJ26: 7105.472 | AK26: 6273.182 | AL26: 4672.23 | AM26: 8188.673 | AN26: 6471.1 | AO26: 5831.01 | AP26: 27090.346 | AQ26: 9717.696 | AR26: 7160.863 | AS26: 6693.012 | AT26: 4693.586 | AU26: 6524.089 | AV26: 3186.95 | AW26: 6662.444 | AX26: 9576.696 | AY26: 11928.684 | AZ26: 11636.393 | BA26: 7235.33 | BB26: 7236.771 | BC26: 8411.646 | BD26: 3986.768 | BE26: 6370.781 | BF26: 11121.561 | BG26: 8072.499 | BH26: 5874.956 | BI26: 5969.276 | BJ26: 5301.683 | BK26: 6094.005 | BL26: 6322.482 | BM26: 9243.913 | BN26: 6897.951 | BO26: 13838.717 | BP26: 7658.188
A27: DG | B27: (1,3) DG 36:1 | C27: 82857.617 | D27: 19715.633 | E27: 42364.629 | F27: 51949.383 | G27: 27848.104 | H27: 38404.891 | I27: 44721.133 | J27: 17332.926 | K27: 18577.742 | L27: 24995.873 | M27: 12821.266 | N27: 32085.668 | O27: 41159.637 | P27: 26984.008 | Q27: 43325.516 | R27: 14957.129 | S27: 48078.5 | T27: 23375.76 | U27: 15008.472 | V27: 38206.125 | W27: 49114.672 | X27: 13864.947 | Y27: 20068.762 | Z27: 22828.711 | AA27: 62450.305 | AB27: 61314.016 | AC27: 33550.277 | AD27: 14878.845 | AE27: 27789.523 | AF27: 36343.082 | AG27: 22307.996 | AH27: 77102.75 | AI27: 18442.592 | AJ27: 19879.789 | AK27: 15802.856 | AL27: 50668.73 | AM27: 41603.523 | AN27: 30769.822 | AO27: 41706.934 | AP27: 65816.039 | AQ27: 95912.953 | AR27: 44806.402 | AS27: 23207.852 | AT27: 32636.898 | AU27: 21475.59 | AV27: 38314.031 | AW27: 37978.914 | AX27: 143741.95 | AY27: 180720.36 | AZ27: 152090.38 | BA27: 91283.711 | BB27: 73106.102 | BC27: 123592.23 | BD27: 26847.398 | BE27: 21421.844 | BF27: 128262.05 | BG27: 66285.648 | BH27: 40262.238 | BI27: 104823.62 | BJ27: 128837.37 | BK27: 56998.691 | BL27: 91064.32 | BM27: 52605.961 | BN27: 34452.848 | BO27: 86659.719 | BP27: 75659.25
A28: DG | B28: (1,3) DG 36:2 | C28: 426959.56 | D28: 144306.64 | E28: 193206 | F28: 215709.44 | G28: 156959 | H28: 191722.5 | I28: 225895.58 | J28: 111057.96 | K28: 126086 | L28: 129708.89 | M28: 79831.305 | N28: 167476.81 | O28: 251054.78 | P28: 138390.05 | Q28: 207054.86 | R28: 96529.227 | S28: 217213.59 | T28: 134694.95 | U28: 120860.55 | V28: 156423.83 | W28: 221868.3 | X28: 94960.938 | Y28: 116984.27 | Z28: 129251.33 | AA28: 191961.38 | AB28: 263559.47 | AC28: 154321.09 | AD28: 107882.92 | AE28: 169097.91 | AF28: 158601.12 | AG28: 115571.12 | AH28: 325495.91 | AI28: 110037.07 | AJ28: 99663.906 | AK28: 100102.25 | AL28: 292974.03 | AM28: 188168.59 | AN28: 139130.77 | AO28: 279021.12 | AP28: 265531.75 | AQ28: 492256.78 | AR28: 195269.05 | AS28: 131797.38 | AT28: 168152.61 | AU28: 216894.83 | AV28: 235068.89 | AW28: 250812.81 | AX28: 875428.5 | AY28: 878732.19 | AZ28: 722755.19 | BA28: 490480.38 | BB28: 371518.09 | BC28: 719098.12 | BD28: 193178.38 | BE28: 132816.97 | BF28: 578399.38 | BG28: 422920.59 | BH28: 161174.88 | BI28: 623011.88 | BJ28: 477699.03 | BK28: 368680.28 | BL28: 542437.88 | BM28: 298375.44 | BN28: 218011.12 | BO28: 394898.5 | BP28: 346821.94
A29: DG | B29: (1,3) DG 36:3 | C29: 155895.67 | D29: 83684.008 | E29: 86901.414 | F29: 134070.84 | G29: 62873.391 | H29: 123518.61 | I29: 124959.18 | J29: 85343.375 | K29: 103056.63 | L29: 75881.063 | M29: 33989.766 | N29: 70623.563 | O29: 129065.92 | P29: 58228.988 | Q29: 108806.31 | R29: 88514.375 | S29: 92188.711 | T29: 50545.324 | U29: 58726.805 | V29: 69453.797 | W29: 95583.352 | X29: 58896.711 | Y29: 88673.445 | Z29: 78547.359 | AA29: 78459.383 | AB29: 110395.16 | AC29: 61789.395 | AD29: 136483.56 | AE29: 102314.02 | AF29: 83865.883 | AG29: 73854.844 | AH29: 128809.14 | AI29: 87645.453 | AJ29: 64937.648 | AK29: 113479.46 | AL29: 106610.53 | AM29: 100143.41 | AN29: 90495.336 | AO29: 110479.37 | AP29: 112805.55 | AQ29: 495749.72 | AR29: 95666.703 | AS29: 99847.984 | AT29: 110219.02 | AU29: 109284.95 | AV29: 134634.97 | AW29: 110844.52 | AX29: 275778.62 | AY29: 577345.19 | AZ29: 291607.78 | BA29: 261236.08 | BB29: 186796.58 | BC29: 362293.06 | BD29: 102380.49 | BE29: 61860.879 | BF29: 247214.98 | BG29: 118117.54 | BH29: 164173.16 | BI29: 309203.53 | BJ29: 535969.81 | BK29: 215645.42 | BL29: 193321.17 | BM29: 86241.594 | BN29: 132925.72 | BO29: 150370.92 | BP29: 191306.5
A30: DG | B30: (1,3) DG 36:4 | C30: 24622.34 | D30: 12023.732 | E30: 15693.715 | F30: 16403.557 | G30: 7255.775 | H30: 16662.936 | I30: 18787.098 | J30: 16192.428 | K30: 18330.496 | L30: 9778.685 | M30: 5527.829 | N30: 10200.863 | O30: 38995.855 | P30: 8318.945 | Q30: 13954.834 | R30: 18900.721 | S30: 15914.947 | T30: 6975.251 | U30: 11361.569 | V30: 8537.666 | W30: 20527.248 | X30: 10364.365 | Y30: 16671.855 | Z30: 12893.352 | AA30: 9257.626 | AB30: 19913.533 | AC30: 8606.946 | AD30: 33270.121 | AE30: 21093.945 | AF30: 12056.934 | AG30: 10971.553 | AH30: 18938.186 | AI30: 14314.956 | AJ30: 11084.923 | AK30: 29277.104 | AL30: 15010.265 | AM30: 22184.691 | AN30: 14631.207 | AO30: 17822.846 | AP30: 53943.371 | AQ30: 103735.69 | AR30: 21230.82 | AS30: 34990.996 | AT30: 25490.055 | AU30: 22402.783 | AV30: 26609.014 | AW30: 12943.281 | AX30: 53650.484 | AY30: 118664.67 | AZ30: 43879.703 | BA30: 31928.838 | BB30: 38501.512 | BC30: 51995.531 | BD30: 19373.656 | BE30: 12400.853 | BF30: 34588.141 | BG30: 14706.504 | BH30: 43538.355 | BI30: 48038.32 | BJ30: 96821.961 | BK30: 30410.826 | BL30: 40662.051 | BM30: 13061.469 | BN30: 26153.477 | BO30: 21119.039 | BP30: 48227.605
A31: DG | B31: (1,3) DG 36:5 | C31: 1049.264 | D31: NQ | E31: NQ | F31: 1013.433 | G31: NQ | H31: 1052.504 | I31: 1072.604 | J31: NQ | K31: NQ | L31: NQ | M31: NQ | N31: NQ | O31: 1189.136 | P31: NQ | Q31: NQ | R31: NQ | S31: 815.583 | T31: NQ | U31: 1008.132 | V31: NQ | W31: 1240.532 | X31: NQ | Y31: 1096.956 | Z31: 897.476 | AA31: NQ | AB31: 1431.94 | AC31: NQ | AD31: 1740.39 | AE31: 3004.303 | AF31: NQ | AG31: NQ | AH31: 1195.008 | AI31: NQ | AJ31: NQ | AK31: 1110.245 | AL31: 1862.052 | AM31: 951.707 | AN31: NQ | AO31: 1048.212 | AP31: 5878.098 | AQ31: 5397.137 | AR31: 1962.943 | AS31: 1718.374 | AT31: 2147.435 | AU31: 1855.551 | AV31: 2605.828 | AW31: 1215.625 | AX31: 4924.049 | AY31: 6848.931 | AZ31: 2239.314 | BA31: 1577.176 | BB31: 4150.613 | BC31: 3981.221 | BD31: 1916.337 | BE31: NQ | BF31: 2084.129 | BG31: NQ | BH31: 1045.955 | BI31: 3901.471 | BJ31: 6568.198 | BK31: 2517.441 | BL31: 3729.394 | BM31: 1018.772 | BN31: 1220.391 | BO31: 1105.699 | BP31: 4002.812
A32: DG | B32: (1,3) DG 38:2 | C32: 4199.238 | D32: 1138.003 | E32: 1705.396 | F32: 2539.422 | G32: 1583.314 | H32: 1724.357 | I32: 1167.664 | J32: NQ | K32: 1105.05 | L32: 1357.339 | M32: 978.125 | N32: 1025.97 | O32: 1816.273 | P32: 1366.565 | Q32: 2007.227 | R32: NQ | S32: 1831.389 | T32: NQ | U32: 1043.274 | V32: 1715.144 | W32: 1719.094 | X32: NQ | Y32: 940.872 | Z32: 1310.004 | AA32: 2604.453 | AB32: 3435.952 | AC32: 1030.682 | AD32: NQ | AE32: 2327.926 | AF32: 1435.235 | AG32: 1352.87 | AH32: 3051.092 | AI32: NQ | AJ32: NQ | AK32: NQ | AL32: 2331.458 | AM32: 1989.519 | AN32: 1251.094 | AO32: 2331.619 | AP32: 10128.404 | AQ32: 4243.518 | AR32: 3569.415 | AS32: 1029.529 | AT32: 1591.729 | AU32: 2076.889 | AV32: 3182.078 | AW32: 2506.667 | AX32: 6080.598 | AY32: 3292.844 | AZ32: 6058.846 | BA32: 3519.485 | BB32: 4231.008 | BC32: 6155.226 | BD32: 1532.175 | BE32: 1457.141 | BF32: 6923.5 | BG32: 4355.475 | BH32: 1808.733 | BI32: 4831.624 | BJ32: 5204.756 | BK32: 4368.829 | BL32: 4562.792 | BM32: 2678.282 | BN32: 1343.418 | BO32: 3687.021 | BP32: 2814.76
A33: DG | B33: (1,3) DG 38:3 | C33: 3570.509 | D33: 1025.001 | E33: 1791.631 | F33: 2027.183 | G33: 1187.247 | H33: 1652.017 | I33: 1483.308 | J33: 1058.172 | K33: 1307.609 | L33: 1121.474 | M33: 881.418 | N33: 1399.283 | O33: 1587.009 | P33: NQ | Q33: 896.061 | R33: NQ | S33: 883.62 | T33: NQ | U33: 1333.918 | V33: 1237.433 | W33: 1679.461 | X33: NQ | Y33: 1244.8 | Z33: 1416.049 | AA33: 1688.797 | AB33: 2747.707 | AC33: NQ | AD33: 1216.986 | AE33: 2415.084 | AF33: 1646.82 | AG33: 1154.232 | AH33: 3397.898 | AI33: NQ | AJ33: NQ | AK33: 984.2 | AL33: 2425.28 | AM33: 1901.165 | AN33: 1213.422 | AO33: 2076.979 | AP33: 3682.425 | AQ33: 9765.699 | AR33: 2844.426 | AS33: 1766.836 | AT33: 2255.392 | AU33: 2714.794 | AV33: 3557.1 | AW33: 1972.42 | AX33: 4044.799 | AY33: 7184.027 | AZ33: 5426.111 | BA33: 2521.76 | BB33: 5125.214 | BC33: 8287.229 | BD33: 1652.879 | BE33: 1274.51 | BF33: 5912.606 | BG33: 2424.596 | BH33: 2426.993 | BI33: 6964.114 | BJ33: 10401.475 | BK33: 5296.908 | BL33: 7979.958 | BM33: 2642.658 | BN33: 1843.454 | BO33: 4126.701 | BP33: 4515.125
A34: DG | B34: (1,3) DG 38:4 | C34: 3522.6 | D34: 1624.302 | E34: 2690.021 | F34: 3586.903 | G34: 2127.611 | H34: 2656.678 | I34: 3249.98 | J34: 1234.789 | K34: 1357.704 | L34: 1304.81 | M34: 976.866 | N34: 2396.731 | O34: 1758.053 | P34: 1576.513 | Q34: 1535.006 | R34: 984.68 | S34: 1509.014 | T34: 893.086 | U34: 2849.179 | V34: 1237.625 | W34: 1599.832 | X34: 904.183 | Y34: 1571.679 | Z34: 1876.983 | AA34: 2528.51 | AB34: 3797.212 | AC34: 977.562 | AD34: 1851.68 | AE34: 4358.077 | AF34: 3160.858 | AG34: 1216.07 | AH34: 3592.751 | AI34: 1313.368 | AJ34: NQ | AK34: 1626.618 | AL34: 5823.997 | AM34: 2489.321 | AN34: 1404.077 | AO34: 3678.339 | AP34: 2128.642 | AQ34: 10577.924 | AR34: 3401.973 | AS34: 2495.263 | AT34: 4421.613 | AU34: 2783.715 | AV34: 4713.192 | AW34: 4541.37 | AX34: 6308.351 | AY34: 14032.647 | AZ34: 7243.306 | BA34: 3784.625 | BB34: 7716.807 | BC34: 11430.677 | BD34: 2561.049 | BE34: 1376.624 | BF34: 7058.494 | BG34: 2695.097 | BH34: 2782.736 | BI34: 11836.757 | BJ34: 17765.051 | BK34: 6314.993 | BL34: 16529.646 | BM34: 3733.732 | BN34: 2839.078 | BO34: 4282.46 | BP34: 10841.688
A35: DG | B35: (1,3) DG 38:5 | C35: 5367.7 | D35: 3210.802 | E35: 4720.344 | F35: 5926.9 | G35: 3862.664 | H35: 4529.854 | I35: 5945.73 | J35: 2840.587 | K35: 2553.308 | L35: 1936.577 | M35: 1593.91 | N35: 3445.664 | O35: 3293.066 | P35: 2765.714 | Q35: 3348.26 | R35: 1908.2 | S35: 3079.584 | T35: 2066.898 | U35: 3692.327 | V35: 1886.388 | W35: 2317.452 | X35: 1557.614 | Y35: 2601.252 | Z35: 3301.5 | AA35: 4586.156 | AB35: 5684.914 | AC35: 1899.02 | AD35: 3097.234 | AE35: 6957.472 | AF35: 4992.739 | AG35: 2630.807 | AH35: 4519.967 | AI35: 2544.945 | AJ35: 1138.922 | AK35: 3454.914 | AL35: 8818.884 | AM35: 3796.542 | AN35: 2457.997 | AO35: 7241.055 | AP35: 3991.982 | AQ35: 12585.926 | AR35: 4521.406 | AS35: 4359.444 | AT35: 7209.282 | AU35: 3033.104 | AV35: 6187.116 | AW35: 5768.677 | AX35: 10428.353 | AY35: 23555.922 | AZ35: 10759.618 | BA35: 6205.706 | BB35: 10205.687 | BC35: 13340.778 | BD35: 4848.134 | BE35: 2564.882 | BF35: 9905.111 | BG35: 5302.496 | BH35: 4897.134 | BI35: 18666.902 | BJ35: 24372.176 | BK35: 8433.011 | BL35: 21110.109 | BM35: 4561.87 | BN35: 4333.955 | BO35: 5148.03 | BP35: 17309.453
A36: DG | B36: (1,3) DG 38:6 | C36: 2345.772 | D36: 2045.454 | E36: 4007.371 | F36: 3362.894 | G36: 1714.769 | H36: 2327.758 | I36: 3349.81 | J36: 1667.585 | K36: 1639.142 | L36: 1061.617 | M36: NQ | N36: 2085.726 | O36: 3285.815 | P36: 1704.38 | Q36: 1622.143 | R36: 1714.794 | S36: 3193.839 | T36: 1079.89 | U36: 1935.567 | V36: 1077.149 | W36: 1477.855 | X36: 1634.204 | Y36: 1637.878 | Z36: 1723.785 | AA36: 1807.484 | AB36: 3717.521 | AC36: 917.287 | AD36: 2399.238 | AE36: 4216.589 | AF36: 1810.67 | AG36: 2602.754 | AH36: 3665.659 | AI36: 3197.388 | AJ36: NQ | AK36: 2635.655 | AL36: 4231.257 | AM36: 2258.496 | AN36: 2064.56 | AO36: 3723.422 | AP36: 3343.808 | AQ36: 7013.005 | AR36: 4476.567 | AS36: 4246.984 | AT36: 3949.302 | AU36: 1658.638 | AV36: 3078.124 | AW36: 2539.735 | AX36: 5548.154 | AY36: 12897.392 | AZ36: 5202.759 | BA36: 5247.464 | BB36: 1421.307 | BC36: 4170.647 | BD36: NQ | BE36: NQ | BF36: 3219.513 | BG36: NQ | BH36: 4851.069 | BI36: 12619.944 | BJ36: 10789.982 | BK36: 4438.499 | BL36: 11859.322 | BM36: 2594.178 | BN36: 2426.271 | BO36: 977.839 | BP36: 8010.398
A37: DG | B37: (1,3) DG 40:7 | C37: 1574.845 | D37: 2066.917 | E37: 4863.658 | F37: 3019.477 | G37: 1708.646 | H37: 2864.782 | I37: 2498.853 | J37: 1193.51 | K37: 1277.017 | L37: 1846.663 | M37: 1177.384 | N37: 1125.401 | O37: 2928.515 | P37: 1850.403 | Q37: 2237.001 | R37: 1837.139 | S37: 4927.869 | T37: 1189.708 | U37: 1651.964 | V37: 983.712 | W37: 898.913 | X37: 2705.264 | Y37: 1724.499 | Z37: 1892.853 | AA37: 2439.299 | AB37: 4132.423 | AC37: 1591.762 | AD37: NQ | AE37: 2707.165 | AF37: 2162.283 | AG37: 3598.589 | AH37: 3843.426 | AI37: 4493.5 | AJ37: NQ | AK37: 1413.842 | AL37: 3870.933 | AM37: 2165.425 | AN37: 1660.589 | AO37: 4335.643 | AP37: 807.1 | AQ37: 7077.198 | AR37: 4729.502 | AS37: 3275.452 | AT37: 3599.34 | AU37: NQ | AV37: 1996.773 | AW37: 1839.236 | AX37: 4096.874 | AY37: 2060.8 | AZ37: 2952.347 | BA37: 1299.498 | BB37: 2992.551 | BC37: 1942.735 | BD37: 1758.56 | BE37: 1016.7 | BF37: 3142.781 | BG37: 2194.377 | BH37: 2887.995 | BI37: 11259.991 | BJ37: 3955.974 | BK37: 3011.161 | BL37: 8149.284 | BM37: NQ | BN37: 1307.123 | BO37: 2386.801 | BP37: 5774.249
A38: CE | B38: CE 14:0 | C38: 3676.334 | D38: 1888.996 | E38: 2049.606 | F38: 3440.952 | G38: 1874.711 | H38: 4556.204 | I38: 3854.889 | J38: 2582.911 | K38: NQ | L38: 3203.5 | M38: 1880.311 | N38: 6766.396 | O38: 4632.452 | P38: 2691.376 | Q38: 3401.174 | R38: 1658.526 | S38: 4882.557 | T38: 1851.946 | U38: 1803.505 | V38: 3817.226 | W38: 2487.621 | X38: 3123.531 | Y38: 2529.535 | Z38: 3541.57 | AA38: 2589.859 | AB38: 4122.446 | AC38: 2823.522 | AD38: 1128.923 | AE38: 4361.368 | AF38: 3529.296 | AG38: 4146.865 | AH38: 3327.662 | AI38: 3629.146 | AJ38: 3300.531 | AK38: 1086.056 | AL38: 2926.583 | AM38: 4404.878 | AN38: 3908.421 | AO38: 3430.744 | AP38: 2410.863 | AQ38: 1383.259 | AR38: 6143.985 | AS38: 2315.663 | AT38: 3201.474 | AU38: 4582.655 | AV38: 3769.181 | AW38: 3334.754 | AX38: 3323.405 | AY38: 2976.041 | AZ38: 2088.296 | BA38: 4135.014 | BB38: 3898.51 | BC38: 4795.224 | BD38: 2108.971 | BE38: 1356.398 | BF38: 3383.427 | BG38: 1604.27 | BH38: NQ | BI38: 3156.544 | BJ38: 3675.816 | BK38: 3914.104 | BL38: 1397.049 | BM38: 3719.352 | BN38: 2325.651 | BO38: 2759.423 | BP38: 2412.673
A39: CE | B39: CE 16:0 | C39: 17313.59 | D39: 14399.712 | E39: 11874.689 | F39: 17133.848 | G39: 13921.612 | H39: 17005.568 | I39: 17467.342 | J39: 15872.882 | K39: 13070.942 | L39: 18840.416 | M39: 11863.012 | N39: 18211.277 | O39: 17072.363 | P39: 16634.131 | Q39: 16697.084 | R39: 15896.096 | S39: 16019.843 | T39: 15089.406 | U39: 11202.874 | V39: 15773.021 | W39: 12833.692 | X39: 18905.246 | Y39: 17017.414 | Z39: 17063.529 | AA39: 15087.836 | AB39: 14879.788 | AC39: 15215.135 | AD39: 15233.588 | AE39: 15575.971 | AF39: 17629.053 | AG39: 17202.66 | AH39: 13624.467 | AI39: 15242.218 | AJ39: 17299.162 | AK39: 15493.362 | AL39: 13917.633 | AM39: 16145.484 | AN39: 14794.773 | AO39: 14694.86 | AP39: 15923.029 | AQ39: 6724.941 | AR39: 14096.701 | AS39: 15359.681 | AT39: 14871.902 | AU39: 15378.537 | AV39: 11344.572 | AW39: 13005.892 | AX39: 15828.442 | AY39: 15337.195 | AZ39: 12592.621 | BA39: 12953.982 | BB39: 11368.169 | BC39: 12149.209 | BD39: 13018.267 | BE39: 13464.515 | BF39: 14262.017 | BG39: 13361.32 | BH39: 13800.349 | BI39: 15563.838 | BJ39: 12699.08 | BK39: 12562.412 | BL39: 13618.537 | BM39: 11425.113 | BN39: 13293.204 | BO39: 13767.07 | BP39: 12138.056
A40: CE | B40: CE 16:1 | C40: 54504.988 | D40: 47992.605 | E40: 51279.148 | F40: 71937.102 | G40: 56866.379 | H40: 73683.438 | I40: 58139.332 | J40: 58634.305 | K40: 41164.063 | L40: 62374.539 | M40: 56744.457 | N40: 89988.164 | O40: 60944.645 | P40: 45087.73 | Q40: 77160.289 | R40: 40303.512 | S40: 61753.527 | T40: 58122.074 | U40: 46722.121 | V40: 68312.5 | W40: 45632.125 | X40: 43345.66 | Y40: 48154.762 | Z40: 55962.461 | AA40: 53975.406 | AB40: 56690.008 | AC40: 46946.148 | AD40: 37466.719 | AE40: 71653.852 | AF40: 71123.68 | AG40: 66350.031 | AH40: 54102.176 | AI40: 48992.746 | AJ40: 53615.773 | AK40: 32318.795 | AL40: 68757.555 | AM40: 50078.281 | AN40: 47843.941 | AO40: 63426.91 | AP40: 61380.512 | AQ40: 22172.74 | AR40: 78789.297 | AS40: 54513.332 | AT40: 48098.703 | AU40: 57678.18 | AV40: 48029.852 | AW40: 68498.695 | AX40: 73475.445 | AY40: 55988.254 | AZ40: 37363.98 | BA40: 52162.07 | BB40: 52473.105 | BC40: 52084.547 | BD40: 42293.09 | BE40: 35165.219 | BF40: 51960.063 | BG40: 42937.293 | BH40: 24909.229 | BI40: 71054.188 | BJ40: 54435.285 | BK40: 58695.891 | BL40: 48622.195 | BM40: 58889.113 | BN40: 36693.469 | BO40: 42144.422 | BP40: 49497.438
A41: CE | B41: CE 17:1 | C41: 2478.689 | D41: 1926.571 | E41: 1251.841 | F41: 1634.959 | G41: 1400.037 | H41: 2256.378 | I41: 1873.455 | J41: 1738.868 | K41: 1624.9 | L41: 2658.075 | M41: 1360.724 | N41: 2743.465 | O41: 1909.897 | P41: 2013.873 | Q41: 2206.049 | R41: 1615.098 | S41: 2074.238 | T41: 2001.198 | U41: 1684.523 | V41: 1665.978 | W41: 1484.72 | X41: 1951.665 | Y41: 1851.7 | Z41: 3087.971 | AA41: 1846.241 | AB41: 1589.916 | AC41: 1736.472 | AD41: 1315.641 | AE41: 2138.552 | AF41: 2293.658 | AG41: 1886.934 | AH41: 2436.09 | AI41: 2353.379 | AJ41: 1707.319 | AK41: 1537.287 | AL41: 1639.958 | AM41: 2258.913 | AN41: 2662.533 | AO41: 1892.996 | AP41: 1474.156 | AQ41: 867.078 | AR41: 2211.45 | AS41: 1991.229 | AT41: 2026.168 | AU41: 2410.673 | AV41: 2270.596 | AW41: 2336.208 | AX41: 1475.563 | AY41: 1791.616 | AZ41: 2082.58 | BA41: 2266.594 | BB41: 2323.299 | BC41: 1830.508 | BD41: 1764.408 | BE41: 1428.989 | BF41: 1988.239 | BG41: 1790.767 | BH41: 988.424 | BI41: 2603.758 | BJ41: 1422.679 | BK41: 1856.613 | BL41: 979.257 | BM41: 1453.853 | BN41: 1976.918 | BO41: 2629.068 | BP41: 1882.59
A42: CE | B42: CE 18:0 | C42: 7574.278 | D42: 4984.797 | E42: 2942.112 | F42: 5970.404 | G42: 3463.535 | H42: 3030.076 | I42: 5563.748 | J42: 3495.158 | K42: 4427.315 | L42: 6851.964 | M42: 2759.725 | N42: 4111.271 | O42: 6079.871 | P42: 5114.906 | Q42: 3381.82 | R42: 7045.589 | S42: 4430.071 | T42: 4015.066 | U42: 3789.159 | V42: 3305.799 | W42: 3638.074 | X42: 6014.402 | Y42: 4804.969 | Z42: 5811.526 | AA42: 5832.311 | AB42: 3380.069 | AC42: 4430.541 | AD42: 6836.519 | AE42: 3372.843 | AF42: 5542.105 | AG42: 4296.96 | AH42: 4755.352 | AI42: 4216.211 | AJ42: 4984.889 | AK42: 5900.141 | AL42: 3092.533 | AM42: 4787.364 | AN42: 6270.981 | AO42: 3387.688 | AP42: 15222.644 | AQ42: 2505.199 | AR42: 4011.863 | AS42: 5465.503 | AT42: 4780.165 | AU42: 5292.267 | AV42: 3581.868 | AW42: 2338.597 | AX42: 5076.384 | AY42: 4749.417 | AZ42: 5840.814 | BA42: 3040.048 | BB42: 2908.069 | BC42: 3419.844 | BD42: 4006.963 | BE42: 4872.264 | BF42: 5606.526 | BG42: 4752.179 | BH42: 4510.509 | BI42: 3891.979 | BJ42: 3992.404 | BK42: 3483.001 | BL42: 3793.771 | BM42: 2261.706 | BN42: 6249.955 | BO42: 4934.533 | BP42: 3074.874
A43: CE | B43: CE 18:1 | C43: 103911.59 | D43: 85019.117 | E43: 34007.758 | F43: 85486.828 | G43: 66306.977 | H43: 70414.68 | I43: 88332.867 | J43: 68760.586 | K43: 79311.125 | L43: 96236.461 | M43: 46224.863 | N43: 88380.656 | O43: 95295.625 | P43: 98352.078 | Q43: 40946.637 | R43: 106581.71 | S43: 90900.578 | T43: 88700.875 | U43: 62372.383 | V43: 31490.453 | W43: 58452.246 | X43: 107246.82 | Y43: 87197.922 | Z43: 90841.586 | AA43: 91183.07 | AB43: 64019.82 | AC43: 81115.039 | AD43: 106007.02 | AE43: 59371.277 | AF43: 93989.891 | AG43: 83551.039 | AH43: 79606.602 | AI43: 72984.719 | AJ43: 82792.508 | AK43: 93649.273 | AL43: 55687.301 | AM43: 81188.094 | AN43: 94062.781 | AO43: 63441.84 | AP43: 78863.203 | AQ43: 46479.332 | AR43: 66452.141 | AS43: 85661.266 | AT43: 73146.195 | AU43: 81154.992 | AV43: 65448.277 | AW43: 48732.141 | AX43: 85681.789 | AY43: 71681.148 | AZ43: 76929.32 | BA43: 61734.184 | BB43: 55709.23 | BC43: 65218.195 | BD43: 81455.008 | BE43: 47460.543 | BF43: 83370.438 | BG43: 70237.742 | BH43: 86039.219 | BI43: 73119.875 | BJ43: 74182 | BK43: 72831.688 | BL43: 75024.273 | BM43: 51152.449 | BN43: 83412.875 | BO43: 87012.297 | BP43: 64116.391
A44: CE | B44: CE 18:2 | C44: 272251.88 | D44: 282512.91 | E44: 219739.48 | F44: 263228.62 | G44: 273102.47 | H44: 275542.78 | I44: 232904.78 | J44: 163726.88 | K44: 285951.47 | L44: 293101.75 | M44: 229120.59 | N44: 271110.78 | O44: 285106.31 | P44: 301413.09 | Q44: 250525.89 | R44: 334305.47 | S44: 315400.28 | T44: 293700.78 | U44: 236006.56 | V44: 262277.44 | W44: 240761.92 | X44: 378692.41 | Y44: 289068.38 | Z44: 272665.19 | AA44: 235767.23 | AB44: 200775.09 | AC44: 225658.72 | AD44: 337311 | AE44: 238957.36 | AF44: 260542.12 | AG44: 271049.81 | AH44: 257777.92 | AI44: 293980.72 | AJ44: 302865.94 | AK44: 294717.47 | AL44: 145188.64 | AM44: 267157.47 | AN44: 257106.31 | AO44: 222379.86 | AP44: 281641.81 | AQ44: 146236.83 | AR44: 239722.89 | AS44: 315296.47 | AT44: 249724.14 | AU44: 275109.97 | AV44: 197415.78 | AW44: 138084.47 | AX44: 249491.11 | AY44: 236355.05 | AZ44: 236696.12 | BA44: 236421.97 | BB44: 223118.34 | BC44: 182750.23 | BD44: 264080.09 | BE44: 285496.03 | BF44: 203871.22 | BG44: 141593.7 | BH44: 317966.25 | BI44: 224201.52 | BJ44: 258838.47 | BK44: 232502.12 | BL44: 210438.8 | BM44: 192505.19 | BN44: 258265.81 | BO44: 235495.2 | BP44: 209003.72
A45: CE | B45: CE 18:3 | C45: 6549.932 | D45: 6708.699 | E45: 4736.25 | F45: 8340.544 | G45: 6813.825 | H45: 9943.547 | I45: 3381.564 | J45: 8151.12 | K45: 3360.498 | L45: 6432.758 | M45: 14300.942 | N45: 19612.725 | O45: 12004.391 | P45: 10344.89 | Q45: 5035.242 | R45: 6139.444 | S45: 12874.085 | T45: 4547.645 | U45: 20059.803 | V45: 8678.122 | W45: 6416.95 | X45: 12322.809 | Y45: 12974.235 | Z45: 12443.613 | AA45: 6461.604 | AB45: 5137.313 | AC45: 5633.604 | AD45: 14217.954 | AE45: 31438.744 | AF45: 7256.623 | AG45: 9756.318 | AH45: 8734.916 | AI45: 41867.656 | AJ45: 7991.067 | AK45: 7434.307 | AL45: 7573.191 | AM45: 9132.128 | AN45: 7895.98 | AO45: 5603.292 | AP45: 12186.75 | AQ45: 1849.743 | AR45: 22098.074 | AS45: 10738.519 | AT45: 9284.083 | AU45: 13348.784 | AV45: 11063.644 | AW45: 3657.168 | AX45: 12319.942 | AY45: 6566.511 | AZ45: 2861.145 | BA45: 5879.777 | BB45: 26098.02 | BC45: 8971.86 | BD45: 14272.282 | BE45: 6100.181 | BF45: 5177.016 | BG45: 2855.565 | BH45: 3751.052 | BI45: 13147.072 | BJ45: 11832.822 | BK45: 8757.21 | BL45: 8215.776 | BM45: 23641.047 | BN45: 8595.881 | BO45: 7904.929 | BP45: 6789.486
A46: CE | B46: CE20:3 | C46: 2642.47 | D46: 6663.547 | E46: 8249.77 | F46: 3995.166 | G46: 10742.661 | H46: 6953.453 | I46: 1174.125 | J46: 11997.341 | K46: 5631.361 | L46: 5419.354 | M46: 8142.767 | N46: 8973.313 | O46: 5593.942 | P46: 11101.512 | Q46: 7918.289 | R46: 8584.76 | S46: 8217.627 | T46: 7021.806 | U46: 10620.134 | V46: 11642.268 | W46: 3248.873 | X46: 10236.2 | Y46: 7799.86 | Z46: 9485.354 | AA46: 3014.71 | AB46: 3189.603 | AC46: 5407.655 | AD46: 7946.446 | AE46: 11462.695 | AF46: 7425.453 | AG46: 10520.869 | AH46: 6324.703 | AI46: 10831.004 | AJ46: 11552.871 | AK46: 8048.517 | AL46: 1306.845 | AM46: 8018.116 | AN46: 6094.121 | AO46: 5461.961 | AP46: 8730.107 | AQ46: 875.215 | AR46: 10596.158 | AS46: 8016.624 | AT46: 4718.316 | AU46: 4536.708 | AV46: 4007.127 | AW46: 1527.416 | AX46: 5577.949 | AY46: 2877.586 | AZ46: 3431.058 | BA46: 5703.124 | BB46: 9379.888 | BC46: 2004.916 | BD46: 7699.378 | BE46: 8435.401 | BF46: 1882.572 | BG46: 5384.086 | BH46: 7614.458 | BI46: 5555.079 | BJ46: 11004.372 | BK46: 5868.899 | BL46: 8595.139 | BM46: 7965.943 | BN46: 5256.882 | BO46: 3609.544 | BP46: 7759.733
A47: CE | B47: CE20:4 | C47: 22241.68 | D47: 47650.363 | E47: 76400.859 | F47: 38767.539 | G47: 81257.031 | H47: 56182.184 | I47: 17890.242 | J47: 82823.195 | K47: 58482.137 | L47: 52203.699 | M47: 53078.109 | N47: 59947.207 | O47: 37685.371 | P47: 92609.984 | Q47: 69309.359 | R47: 75308.766 | S47: 67840.57 | T47: 72458.703 | U47: 95059.102 | V47: 91358.289 | W47: 33833.375 | X47: 66926.258 | Y47: 49210.453 | Z47: 60871.609 | AA47: 33786.188 | AB47: 31840.754 | AC47: 54570.309 | AD47: 50148.664 | AE47: 74528.953 | AF47: 63593.559 | AG47: 86554.461 | AH47: 53308.316 | AI47: 79342.195 | AJ47: 86256.461 | AK47: 65013.59 | AL47: 21492.686 | AM47: 57516.449 | AN47: 47465.109 | AO47: 56843.934 | AP47: 9079.654 | AQ47: 10341.433 | AR47: 49001.715 | AS47: 70866.719 | AT47: 48539.121 | AU47: 28414.672 | AV47: 31439.768 | AW47: 15568.742 | AX47: 38629.801 | AY47: 29953.414 | AZ47: 36193.367 | BA47: 41492.223 | BB47: 77800.336 | BC47: 19568.178 | BD47: 60422.629 | BE47: 59580.41 | BF47: 18782.373 | BG47: 46668.855 | BH47: 58383.902 | BI47: 28588.809 | BJ47: 68629.32 | BK47: 38926.715 | BL47: 55152.457 | BM47: 54324.188 | BN47: 27721.715 | BO47: 21044.402 | BP47: 72308.945
A48: CE | B48: CE20:5 | C48: 1413.078 | D48: 2789.266 | E48: 10472.628 | F48: 6358.758 | G48: 5344.211 | H48: 8249.929 | I48: 1516.772 | J48: 2827.93 | K48: 1859.73 | L48: 5794.283 | M48: 4458.778 | N48: 16345.563 | O48: 5942.425 | P48: 9871.883 | Q48: 5142.541 | R48: 5440.79 | S48: 26443.998 | T48: 8056.196 | U48: 15544.515 | V48: 14009.785 | W48: 1467.308 | X48: 24136.613 | Y48: 3047.675 | Z48: 11669.345 | AA48: 3485.232 | AB48: 7975.089 | AC48: 6297.323 | AD48: 1564.487 | AE48: 30754.258 | AF48: 3483.391 | AG48: 34976.969 | AH48: 5785.28 | AI48: 27296.107 | AJ48: 4980.716 | AK48: 1676.782 | AL48: 3851.55 | AM48: 4365.229 | AN48: 3242.276 | AO48: 7080.62 | AP48: 4563.162 | AQ48: NQ | AR48: 27690.789 | AS48: 2809.77 | AT48: 3733.675 | AU48: 2148.79 | AV48: 3411.227 | AW48: 2215.893 | AX48: 4051.781 | AY48: NQ | AZ48: 2015.676 | BA48: 4981.228 | BB48: 15279.686 | BC48: 2266.183 | BD48: 6873.464 | BE48: 3786.199 | BF48: 1012.302 | BG48: 6788.605 | BH48: 2692.028 | BI48: 15006.61 | BJ48: 6030.773 | BK48: 2904.162 | BL48: 9081.956 | BM48: 14054.161 | BN48: 1253.411 | BO48: 2607.125 | BP48: 7755.335
A49: CE | B49: CE22:6 | C49: 4583.245 | D49: 18101.92 | E49: 27571.807 | F49: 7727.722 | G49: 11866.037 | H49: 16763.873 | I49: 3410.125 | J49: 8908.851 | K49: 9035.916 | L49: 14160.259 | M49: 9888.426 | N49: 21390 | O49: 21420.816 | P49: 34680.148 | Q49: 13975.758 | R49: 26756.426 | S49: 50937.984 | T49: 20685.682 | U49: 33508.824 | V49: 23182.908 | W49: 7225.738 | X49: 25477.709 | Y49: 13614.34 | Z49: 6628.011 | AA49: 7043.782 | AB49: 5316.051 | AC49: 13432.16 | AD49: 4091.852 | AE49: 13208.595 | AF49: 15778.423 | AG49: 44234.605 | AH49: 23644.775 | AI49: 60504.461 | AJ49: 25566.893 | AK49: 26425.229 | AL49: 3725.644 | AM49: 20236.072 | AN49: 22685.189 | AO49: 23748.811 | AP49: 12402.303 | AQ49: 1907.534 | AR49: 27356.508 | AS49: 14105.979 | AT49: 11873.413 | AU49: 5937.404 | AV49: 5715.578 | AW49: 868.601 | AX49: 10729.647 | AY49: 6438.152 | AZ49: 14764.436 | BA49: 14270.158 | BB49: 25098.797 | BC49: 11112.421 | BD49: 11941.003 | BE49: 13674.857 | BF49: 4795.87 | BG49: 13845.158 | BH49: 15460.991 | BI49: 8014.651 | BJ49: 16640.574 | BK49: 18712.525 | BL49: 8031.051 | BM49: 7318.522 | BN49: 8003.312 | BO49: 8570.721 | BP49: 23247.988
A50: Cer | B50: Cer 30:1;O2 | C50: 252585.69 | D50: 215304.48 | E50: 273616.66 | F50: 236847.7 | G50: 218373.27 | H50: 272102.12 | I50: 235144.61 | J50: 216556.61 | K50: 234706.5 | L50: 255071.53 | M50: 186987.22 | N50: 243351.52 | O50: 251790.88 | P50: 195225.19 | Q50: 227956.59 | R50: 190525.66 | S50: 258354.8 | T50: 207800.09 | U50: 259212.19 | V50: 198278.33 | W50: 176244.88 | X50: 175521.03 | Y50: 159464.55 | Z50: 165190.75 | AA50: 236809.98 | AB50: 256747.97 | AC50: 149139.5 | AD50: 188439.39 | AE50: 254696.2 | AF50: 205057.42 | AG50: 232835.56 | AH50: 204060.36 | AI50: 281920.47 | AJ50: 240643.22 | AK50: 220892.16 | AL50: 194622.66 | AM50: 195122.5 | AN50: 204079.97 | AO50: 215941.91 | AP50: 198878.83 | AQ50: 238618.77 | AR50: 223384.95 | AS50: 193915.36 | AT50: 206084.27 | AU50: 227149.19 | AV50: 215379.73 | AW50: 214489.39 | AX50: 257688.78 | AY50: 220972.41 | AZ50: 232433.97 | BA50: 221401.33 | BB50: 236395.58 | BC50: 228563.97 | BD50: 232976.41 | BE50: 262296.59 | BF50: 216781.81 | BG50: 247832.11 | BH50: 223154.12 | BI50: 266499 | BJ50: 226248.64 | BK50: 182090.89 | BL50: 152034.56 | BM50: 206979.03 | BN50: 175907.78 | BO50: 211352.03 | BP50: 219795.92
A51: Cer | B51: Cer 34:1;O2 | C51: 5740.367 | D51: 2084.396 | E51: 4550.461 | F51: 4454.405 | G51: 3213.538 | H51: 3637.772 | I51: 2768.942 | J51: 5429.168 | K51: 1996.621 | L51: 3530.1 | M51: 1651.602 | N51: 3542.506 | O51: 5367.641 | P51: 2011.43 | Q51: 4269.289 | R51: 2547.361 | S51: 3553.095 | T51: 3091.613 | U51: 2141.296 | V51: 3934.69 | W51: 2457.27 | X51: 2019.561 | Y51: 1433.165 | Z51: 2021.044 | AA51: 3997.203 | AB51: 5768.895 | AC51: 1999.857 | AD51: 1901.322 | AE51: 4498.019 | AF51: 4301.55 | AG51: 2586.773 | AH51: 3463.056 | AI51: 3366.664 | AJ51: 4151.729 | AK51: 2221.99 | AL51: 2627.762 | AM51: 2953.018 | AN51: 3133.059 | AO51: 3354.305 | AP51: 3045.376 | AQ51: 6802.507 | AR51: 4375.282 | AS51: 2543.667 | AT51: 3439.712 | AU51: 1140.224 | AV51: 2025.995 | AW51: 3206.647 | AX51: 4680.56 | AY51: 6135.94 | AZ51: 3541.647 | BA51: 2982.094 | BB51: 3247.448 | BC51: 2956.723 | BD51: 2184.794 | BE51: 2457.37 | BF51: 2192.817 | BG51: 3302.646 | BH51: 3456.02 | BI51: 3309.357 | BJ51: 5175.729 | BK51: 1989.779 | BL51: 2060.277 | BM51: 3349.525 | BN51: 6135.384 | BO51: 2697.299 | BP51: 1633.351
A52: Cer | B52: Cer 36:1;O2 | C52: 2734.594 | D52: 1019.271 | E52: 3321.488 | F52: 1767.027 | G52: 1890.617 | H52: 2200.675 | I52: 1183.358 | J52: 3705.796 | K52: 1373.154 | L52: 873.539 | M52: NQ | N52: 1308.884 | O52: 2413.927 | P52: 955.836 | Q52: 1982.625 | R52: 1091.243 | S52: 1446.137 | T52: 1697.593 | U52: NQ | V52: 1955.236 | W52: 1277.273 | X52: NQ | Y52: 838.344 | Z52: NQ | AA52: 1988.222 | AB52: 3041.903 | AC52: 964.639 | AD52: NQ | AE52: 1460.432 | AF52: 2161.483 | AG52: NQ | AH52: 2144.442 | AI52: 981.695 | AJ52: 2052.413 | AK52: NQ | AL52: 1730.976 | AM52: 1093.951 | AN52: 1054.588 | AO52: 1532.792 | AP52: 1159.117 | AQ52: 2994.316 | AR52: 2355.377 | AS52: 1724.908 | AT52: 1846.276 | AU52: NQ | AV52: NQ | AW52: 2012.849 | AX52: 1663.479 | AY52: 4063.801 | AZ52: 1979.269 | BA52: 1575.196 | BB52: 1010.935 | BC52: 1233.118 | BD52: NQ | BE52: 812.908 | BF52: 1014.519 | BG52: 982.146 | BH52: 2050.993 | BI52: 1179.736 | BJ52: 2299.428 | BK52: 881.051 | BL52: NQ | BM52: 1700.785 | BN52: 2758.137 | BO52: 2033.085 | BP52: NQ
A53: Cer | B53: Cer 38:1;O2 | C53: 2623.33 | D53: 1014.404 | E53: 2762.863 | F53: 1106.665 | G53: 1702.587 | H53: 2148.066 | I53: 863.734 | J53: 2741.796 | K53: NQ | L53: 999.843 | M53: NQ | N53: 1139.72 | O53: 2095.759 | P53: 936.802 | Q53: 1733.024 | R53: 860.661 | S53: 1793.199 | T53: 1336.573 | U53: 1058.663 | V53: 1331.273 | W53: 1529.224 | X53: NQ | Y53: NQ | Z53: 839.69 | AA53: 1901.094 | AB53: 2156.019 | AC53: NQ | AD53: 992.944 | AE53: 2065.542 | AF53: 1462.989 | AG53: 922.44 | AH53: 1964.598 | AI53: 1238.988 | AJ53: 1411.728 | AK53: NQ | AL53: 1532.057 | AM53: 1106.131 | AN53: 1182.82 | AO53: 1358.892 | AP53: 1172.844 | AQ53: 2638.513 | AR53: 2973.275 | AS53: 1317.189 | AT53: 1724.44 | AU53: NQ | AV53: 973.171 | AW53: 1399.902 | AX53: 1870.409 | AY53: 2737.099 | AZ53: 2044.847 | BA53: 1191.412 | BB53: 1544.858 | BC53: 1579.351 | BD53: 893.032 | BE53: NQ | BF53: 800.923 | BG53: 1280.903 | BH53: 1570.727 | BI53: 1344.317 | BJ53: 2168.843 | BK53: 1147.818 | BL53: NQ | BM53: 2232.712 | BN53: 1805.824 | BO53: 1521.267 | BP53: NQ
A54: Cer | B54: Cer 40:1;O2 | C54: 14073.323 | D54: 6296.219 | E54: 12722.611 | F54: 6670.096 | G54: 7656.086 | H54: 10463.037 | I54: 5200.955 | J54: 9784.676 | K54: 5024.832 | L54: 6599.898 | M54: 3716.583 | N54: 6257.455 | O54: 9318.641 | P54: 5885.698 | Q54: 7611.365 | R54: 5477.974 | S54: 8519.585 | T54: 7602.707 | U54: 6003.776 | V54: 7878.752 | W54: 8215.812 | X54: 5395.781 | Y54: 4836.399 | Z54: 3332.404 | AA54: 8853.354 | AB54: 12232.171 | AC54: 5387.595 | AD54: 6752.536 | AE54: 11788.696 | AF54: 7962.393 | AG54: 5828.818 | AH54: 14068.878 | AI54: 7742.054 | AJ54: 7299.752 | AK54: 3911.073 | AL54: 8554.657 | AM54: 7178.31 | AN54: 7377.237 | AO54: 7429.503 | AP54: 5873.858 | AQ54: 17392.602 | AR54: 13402.374 | AS54: 8928.102 | AT54: 9873.485 | AU54: 5365.707 | AV54: 6171.717 | AW54: 5159.563 | AX54: 10603.492 | AY54: 14522.468 | AZ54: 9902.179 | BA54: 7160.452 | BB54: 8618.26 | BC54: 8180.658 | BD54: 5107.103 | BE54: 4249.399 | BF54: 4480.532 | BG54: 7392.198 | BH54: 9078.623 | BI54: 7043.745 | BJ54: 10133.97 | BK54: 5926.684 | BL54: 2295.096 | BM54: 10062.197 | BN54: 7285.086 | BO54: 7527.671 | BP54: 4073.723
A55: Cer | B55: Cer 40:2;O2 | C55: 3171.33 | D55: 1234.197 | E55: 3621.449 | F55: 1878.216 | G55: 1233.341 | H55: 3301.889 | I55: 1010.335 | J55: 2343.491 | K55: 925.809 | L55: 1851.764 | M55: 935.868 | N55: 1344.769 | O55: 2600.304 | P55: 1041.518 | Q55: 2129.878 | R55: 863.849 | S55: 2291.667 | T55: 1732.341 | U55: 1820.477 | V55: 1578.046 | W55: 1382.136 | X55: 901.318 | Y55: 824.346 | Z55: NQ | AA55: 1539.259 | AB55: 2699.883 | AC55: 1405.97 | AD55: 1312.324 | AE55: 2232.304 | AF55: 1409.748 | AG55: 1448.012 | AH55: 2074.393 | AI55: 1713.766 | AJ55: 1392.68 | AK55: NQ | AL55: 1825.174 | AM55: 1625.584 | AN55: 1624.5 | AO55: 2458.748 | AP55: 1147.717 | AQ55: 4467.324 | AR55: 2229.911 | AS55: 1305.747 | AT55: 2468.777 | AU55: 834.207 | AV55: 1508.875 | AW55: 959.684 | AX55: 1727.933 | AY55: 4356.339 | AZ55: 2249.055 | BA55: 1383.506 | BB55: 1677.414 | BC55: 2278.894 | BD55: 1305.886 | BE55: 936.801 | BF55: 1005.32 | BG55: 1978.273 | BH55: 1209.102 | BI55: 1153.527 | BJ55: 2452.2 | BK55: 1270.753 | BL55: NQ | BM55: 2241.361 | BN55: 1464.146 | BO55: 1085.15 | BP55: NQ
A56: Cer | B56: Cer 41:1;O2 | C56: 8814.816 | D56: 5830.281 | E56: 9902.804 | F56: 4454.113 | G56: 6751.756 | H56: 11095.842 | I56: 3022.805 | J56: 7008.692 | K56: 3612.304 | L56: 6006.306 | M56: 3482.966 | N56: 5127.875 | O56: 7156.781 | P56: 4236.991 | Q56: 6188.018 | R56: 3744.497 | S56: 7810.144 | T56: 5446.904 | U56: 6231.647 | V56: 5808.912 | W56: 5978.489 | X56: 5980.945 | Y56: 4791.323 | Z56: 2608.767 | AA56: 5946.186 | AB56: 8343.345 | AC56: 4532.206 | AD56: 5760.911 | AE56: 10097.982 | AF56: 6589.127 | AG56: 4807.797 | AH56: 9846.734 | AI56: 10057.697 | AJ56: 5440.083 | AK56: 3363.942 | AL56: 8496.46 | AM56: 6506.271 | AN56: 7111.853 | AO56: 6521.868 | AP56: 5577.375 | AQ56: 12969.437 | AR56: 11513.346 | AS56: 7442.896 | AT56: 8459.565 | AU56: 5841.702 | AV56: 6156.292 | AW56: 1939.397 | AX56: 5684.51 | AY56: 10351.381 | AZ56: 7789.444 | BA56: 9051.57 | BB56: 7762.496 | BC56: 8046.055 | BD56: 4426.716 | BE56: 4218.875 | BF56: 3112.385 | BG56: 6222.234 | BH56: 5718.862 | BI56: 5149.319 | BJ56: 8777.927 | BK56: 7085.942 | BL56: 1716.946 | BM56: 9369.641 | BN56: 5533.703 | BO56: 6108.146 | BP56: 3806.542
A57: Cer | B57: Cer 41:2;O2 | C57: 2315.047 | D57: 1083.22 | E57: 3205.886 | F57: 1351.798 | G57: 1012.374 | H57: 3421.193 | I57: 929.034 | J57: 2170.055 | K57: 1177.367 | L57: 1399.227 | M57: 1231.652 | N57: 1366.461 | O57: 1809.949 | P57: 911.591 | Q57: 1467.463 | R57: NQ | S57: 2176.087 | T57: 1362.925 | U57: 1297.103 | V57: 1179.782 | W57: 1266.187 | X57: 880.81 | Y57: 879.395 | Z57: NQ | AA57: 1125.102 | AB57: 1939.695 | AC57: 1043.924 | AD57: 1185.066 | AE57: 1943.53 | AF57: 1642.196 | AG57: 1238.124 | AH57: 1843.9 | AI57: 2236.463 | AJ57: 1423.188 | AK57: NQ | AL57: 1906.691 | AM57: 1505.652 | AN57: 1501.866 | AO57: 2190.78 | AP57: 1016.697 | AQ57: 3612.835 | AR57: 2198.729 | AS57: 1484.863 | AT57: 2320.513 | AU57: 1291.108 | AV57: 1433.554 | AW57: NQ | AX57: 1157.663 | AY57: 3679.179 | AZ57: 1777.874 | BA57: 1457.643 | BB57: 1370.675 | BC57: 2414.466 | BD57: 1220.825 | BE57: 873.603 | BF57: NQ | BG57: 2080.415 | BH57: 870.147 | BI57: 1087.792 | BJ57: 2310.496 | BK57: 1704.131 | BL57: NQ | BM57: 2320.886 | BN57: 1308.244 | BO57: 1125.102 | BP57: NQ
A58: Cer | B58: Cer 42:0;O2 | C58: 2131.171 | D58: 1663.468 | E58: 1489.778 | F58: 821.604 | G58: 1372.843 | H58: 2084.533 | I58: 814.021 | J58: 1560.977 | K58: 1038.319 | L58: 1003.692 | M58: NQ | N58: 1132.448 | O58: 2019.941 | P58: 940.929 | Q58: 1382.76 | R58: 1293.968 | S58: 1685.712 | T58: 1545.696 | U58: 1494.184 | V58: 1459.158 | W58: 1505.154 | X58: 1369.684 | Y58: 1068.592 | Z58: NQ | AA58: 1430.505 | AB58: 2094.061 | AC58: NQ | AD58: 1397.04 | AE58: 2622.888 | AF58: 1336.971 | AG58: 1277.825 | AH58: 2612.594 | AI58: 2537.275 | AJ58: 1258.209 | AK58: 863.143 | AL58: 1570.295 | AM58: 801.725 | AN58: 1335.533 | AO58: 1655.119 | AP58: 1914.494 | AQ58: 3129.862 | AR58: 2907.223 | AS58: 2294.107 | AT58: 2448.674 | AU58: 1673.491 | AV58: 1575 | AW58: NQ | AX58: 1789.075 | AY58: 2490.895 | AZ58: 1723.441 | BA58: 1698.338 | BB58: 2110.729 | BC58: 2191.84 | BD58: 1020.125 | BE58: 1058.725 | BF58: NQ | BG58: 1505.188 | BH58: 1908.008 | BI58: 1544.751 | BJ58: 2282.873 | BK58: 1365.532 | BL58: NQ | BM58: 2264.692 | BN58: 1084.62 | BO58: 991.238 | BP58: 941.378
A59: Cer | B59: Cer 42:1;O2 | C59: 28242.785 | D59: 18514.492 | E59: 24021 | F59: 13264.11 | G59: 21598.416 | H59: 27220.699 | I59: 11808.379 | J59: 20217.945 | K59: 13145.23 | L59: 15237.92 | M59: 9288.656 | N59: 15992.945 | O59: 23230.025 | P59: 13772.244 | Q59: 18022.428 | R59: 15881.611 | S59: 22825.014 | T59: 18907.664 | U59: 21320.822 | V59: 19234.762 | W59: 21180.42 | X59: 17606.318 | Y59: 12549.409 | Z59: 10453.971 | AA59: 20346.25 | AB59: 28650.529 | AC59: 11357.882 | AD59: 18405.832 | AE59: 34462.25 | AF59: 20099.584 | AG59: 17103.463 | AH59: 31648.15 | AI59: 31573.639 | AJ59: 16038.757 | AK59: 11171.382 | AL59: 22671.766 | AM59: 16695.363 | AN59: 18018.055 | AO59: 22083.189 | AP59: 21229.609 | AQ59: 37980.152 | AR59: 35904.922 | AS59: 27028.877 | AT59: 27803.977 | AU59: 19730.033 | AV59: 17667.754 | AW59: 12540.469 | AX59: 24541.398 | AY59: 30953.082 | AZ59: 22654.406 | BA59: 20764.742 | BB59: 27003.77 | BC59: 24740.371 | BD59: 14133.726 | BE59: 13632.904 | BF59: 10665.058 | BG59: 20373.266 | BH59: 23210.693 | BI59: 20764.111 | BJ59: 28648.359 | BK59: 18904.793 | BL59: 7138.64 | BM59: 27662.234 | BN59: 18007.199 | BO59: 14938.948 | BP59: 13881.801
A60: Cer | B60: Cer 42:2;O2 | C60: 32903.199 | D60: 17588.777 | E60: 32546.1 | F60: 18953.996 | G60: 18452.85 | H60: 29375.393 | I60: 15576.643 | J60: 28350.725 | K60: 15754.821 | L60: 19652.781 | M60: 12792.259 | N60: 20339.301 | O60: 26233.688 | P60: 14345.39 | Q60: 21961.873 | R60: 12959.644 | S60: 22881.332 | T60: 24154.441 | U60: 19866.234 | V60: 22076.047 | W60: 18215.564 | X60: 11855.168 | Y60: 11451.96 | Z60: 9359.502 | AA60: 24355.521 | AB60: 34979.094 | AC60: 9889.485 | AD60: 15500.108 | AE60: 29949.385 | AF60: 23171.209 | AG60: 18491.982 | AH60: 29313.752 | AI60: 17748.168 | AJ60: 17438.816 | AK60: 11008.015 | AL60: 23424.932 | AM60: 15778.61 | AN60: 17443.803 | AO60: 28268.477 | AP60: 16260.293 | AQ60: 46324.359 | AR60: 24002.227 | AS60: 23033.047 | AT60: 29463.49 | AU60: 11660.1 | AV60: 14229.661 | AW60: 23043.164 | AX60: 24352.105 | AY60: 38593.641 | AZ60: 22914.791 | BA60: 12190.639 | BB60: 19489.9 | BC60: 25778.816 | BD60: 16817.811 | BE60: 14853.815 | BF60: 10073.029 | BG60: 30079.234 | BH60: 19813.189 | BI60: 27485.592 | BJ60: 31178.289 | BK60: 16925.332 | BL60: 16120.549 | BM60: 27914.414 | BN60: 21640.533 | BO60: 16180.741 | BP60: 10473.489
A61: Cer | B61: Cer 42:3;O2 | C61: 3788.53 | D61: 1366.282 | E61: 4329.028 | F61: 2707.795 | G61: 1633.37 | H61: 4108.306 | I61: 1640.25 | J61: 3717.882 | K61: 2061.91 | L61: 2961.231 | M61: 1603.533 | N61: 2139.46 | O61: 3210.349 | P61: 1338.636 | Q61: 2648.473 | R61: 1323.729 | S61: 2798.356 | T61: 2972.096 | U61: 2086.521 | V61: 2272.695 | W61: 1954.182 | X61: 1139.435 | Y61: 1358.724 | Z61: 938.225 | AA61: 2093.835 | AB61: 4167.232 | AC61: 1395.7 | AD61: 1946.449 | AE61: 2801.979 | AF61: 2651.167 | AG61: 2047.533 | AH61: 2838.544 | AI61: 1788.642 | AJ61: 2734.841 | AK61: 1311.347 | AL61: 2620.403 | AM61: 1961.328 | AN61: 2192.627 | AO61: 4162.633 | AP61: 1614.89 | AQ61: 7810.453 | AR61: 2120.626 | AS61: 3072.265 | AT61: 4173.204 | AU61: 1422.599 | AV61: 1641.635 | AW61: 2543.644 | AX61: 2421.045 | AY61: 6497.499 | AZ61: 2548.469 | BA61: 1283.17 | BB61: 2258.218 | BC61: 2709.414 | BD61: 2509.607 | BE61: 1622.777 | BF61: 1160.38 | BG61: 4383.381 | BH61: 2774.785 | BI61: 2189.46 | BJ61: 3902.034 | BK61: 2158.875 | BL61: 1244.183 | BM61: 3180.497 | BN61: 2087.436 | BO61: 1735.953 | BP61: 1071.115
A62: Cer | B62: Cer 43:1;O2 | C62: 1741.112 | D62: 2242.941 | E62: 2344.624 | F62: 1440.029 | G62: 2890.476 | H62: 4979.596 | I62: 1417.911 | J62: 1884.424 | K62: 1038.493 | L62: 1706.203 | M62: 1060.63 | N62: 3065.401 | O62: 2071.917 | P62: NQ | Q62: 2115.295 | R62: 993.356 | S62: 2737.516 | T62: 1917.97 | U62: 3508.518 | V62: 1428.208 | W62: 1929.047 | X62: 3554.287 | Y62: 1316.726 | Z62: 1321.082 | AA62: 1575.707 | AB62: 1744.295 | AC62: 1232.42 | AD62: 1438.458 | AE62: 5414.988 | AF62: 2112.668 | AG62: 1302.917 | AH62: 3641.474 | AI62: 4678.827 | AJ62: 1891.333 | AK62: NQ | AL62: 2920.157 | AM62: 1681.595 | AN62: 2122.223 | AO62: 2989.646 | AP62: 3175.036 | AQ62: 2638.179 | AR62: 4077.529 | AS62: 1960.648 | AT62: 3209.139 | AU62: 3378.623 | AV62: 2540.713 | AW62: 1590.855 | AX62: 3734.631 | AY62: 2359.748 | AZ62: 1560.103 | BA62: 2829.774 | BB62: 2361.544 | BC62: 2714.915 | BD62: 1605.236 | BE62: 1919.702 | BF62: 817.47 | BG62: 1625.424 | BH62: 1654.476 | BI62: 1040.128 | BJ62: 4942.323 | BK62: 2456.247 | BL62: NQ | BM62: 3027.756 | BN62: 2688.824 | BO62: 1905.789 | BP62: 1318.373
A63: Cer | B63: Cer 43:2;O2 | C63: 1254.136 | D63: 1319.789 | E63: 2775.074 | F63: 1607.634 | G63: 1802.093 | H63: 4569.375 | I63: 1521.594 | J63: 2067.25 | K63: 1120.023 | L63: 2032.561 | M63: 1841.157 | N63: 3592.373 | O63: 1404.395 | P63: 1150.634 | Q63: 1844.755 | R63: NQ | S63: 2150.296 | T63: 2474.965 | U63: 2449.646 | V63: 1328.876 | W63: 1333.315 | X63: 1780.431 | Y63: 1080.021 | Z63: NQ | AA63: 1439.731 | AB63: 2410.933 | AC63: 1082.751 | AD63: 909.042 | AE63: 3712.577 | AF63: 2426.861 | AG63: 907.481 | AH63: 3611.667 | AI63: 2497.896 | AJ63: 1660.99 | AK63: NQ | AL63: 2865.408 | AM63: 1227.511 | AN63: 1046.97 | AO63: 3609.622 | AP63: 1732.687 | AQ63: 2832.863 | AR63: 2227.341 | AS63: 2521.827 | AT63: 2831.761 | AU63: 1678.18 | AV63: 1569.164 | AW63: 3138.383 | AX63: 2557.181 | AY63: 3303.201 | AZ63: 1280.628 | BA63: 1671.378 | BB63: 1391.806 | BC63: 2368.42 | BD63: 2023.817 | BE63: 1570.296 | BF63: NQ | BG63: 2068.026 | BH63: 854.568 | BI63: 1572.852 | BJ63: 4701.091 | BK63: 2790.982 | BL63: 1144.135 | BM63: 2813.676 | BN63: 2586.067 | BO63: 2940.464 | BP63: 961.597
A64: Cer | B64: Hex2Cer 30:1;O2 | C64: 18710.125 | D64: 15908.892 | E64: 19695.584 | F64: 18094.189 | G64: 17308.822 | H64: 19430.258 | I64: 18743.078 | J64: 16528.129 | K64: 18531.514 | L64: 19342.85 | M64: 15234.419 | N64: 17681.635 | O64: 19408.934 | P64: 16694.592 | Q64: 18549.904 | R64: 15142.321 | S64: 20189.881 | T64: 16277.766 | U64: 21576.135 | V64: 16260.238 | W64: 15445.957 | X64: 14628.114 | Y64: 13289.926 | Z64: 13883.168 | AA64: 18271.586 | AB64: 19633.969 | AC64: 11264.423 | AD64: 15988.919 | AE64: 18786.525 | AF64: 16700.545 | AG64: 17557.563 | AH64: 16222.371 | AI64: 21508.979 | AJ64: 15612.845 | AK64: 16718.221 | AL64: 15605.039 | AM64: 13879.876 | AN64: 18182.994 | AO64: 16589.139 | AP64: 15179.182 | AQ64: 20831.625 | AR64: 18071.607 | AS64: 14955.793 | AT64: 15519.766 | AU64: 17142.533 | AV64: 16935.93 | AW64: 17433.178 | AX64: 19277.297 | AY64: 18507.297 | AZ64: 19023.807 | BA64: 18086.266 | BB64: 17615.949 | BC64: 18393.797 | BD64: 19461.986 | BE64: 17048.467 | BF64: 16933.701 | BG64: 19564.266 | BH64: 18000.557 | BI64: 20737.645 | BJ64: 17257.053 | BK64: 13829.198 | BL64: 10327.081 | BM64: 16387.17 | BN64: 14664.653 | BO64: 15400.482 | BP64: 16962.371
A65: Cer | B65: HexCer 30:1;O2 | C65: 52378.785 | D65: 46446.43 | E65: 57839.566 | F65: 50131.211 | G65: 50368.742 | H65: 56069.617 | I65: 62992.645 | J65: 53306.531 | K65: 59880.938 | L65: 61086.738 | M65: 50831.746 | N65: 55587.977 | O65: 55999.832 | P65: 51807.465 | Q65: 56272.824 | R65: 48616.039 | S65: 61299.008 | T65: 50685.957 | U65: 61231.957 | V65: 48621.09 | W65: 47417.926 | X65: 45722.98 | Y65: 39828.609 | Z65: 42624.66 | AA65: 55748.309 | AB65: 53905.82 | AC65: 36165.004 | AD65: 46419.566 | AE65: 54682.922 | AF65: 48881.512 | AG65: 54472.414 | AH65: 46109.41 | AI65: 60929.273 | AJ65: 45868.941 | AK65: 51961.578 | AL65: 47293.691 | AM65: 43547.645 | AN65: 49151.59 | AO65: 47107.277 | AP65: 44217.461 | AQ65: 55090.387 | AR65: 48911.051 | AS65: 44318.09 | AT65: 42176.238 | AU65: 50769.004 | AV65: 49227.695 | AW65: 48148.941 | AX65: 52351.426 | AY65: 48105.379 | AZ65: 51499.629 | BA65: 48160.672 | BB65: 48919.145 | BC65: 49410.383 | BD65: 52598.898 | BE65: 49269.453 | BF65: 46922.68 | BG65: 52370.254 | BH65: 48680.023 | BI65: 55777.848 | BJ65: 45778.719 | BK65: 38363.371 | BL65: 33064.137 | BM65: 45606.941 | BN65: 35385.172 | BO65: 45078.617 | BP65: 48731.098
A66: LPC | B66: LPC 11:0 | C66: 215221.03 | D66: 243296.77 | E66: 245490.45 | F66: 211206.66 | G66: 208777.33 | H66: 193263.31 | I66: 233548.33 | J66: 205052.39 | K66: 232162.3 | L66: 282223.56 | M66: 208605.41 | N66: 195006 | O66: 247401.8 | P66: 217962.23 | Q66: 223794.36 | R66: 170210.19 | S66: 223864.94 | T66: 200992.39 | U66: 224073.48 | V66: 214587.88 | W66: 206068.72 | X66: 176331.03 | Y66: 194960.42 | Z66: 168303.72 | AA66: 174033.84 | AB66: 190943.38 | AC66: 201305.58 | AD66: 182268.94 | AE66: 195220.42 | AF66: 201505.88 | AG66: 184114.5 | AH66: 159381.52 | AI66: 197868.92 | AJ66: 203017.98 | AK66: 217280.48 | AL66: 195757.8 | AM66: 146087.95 | AN66: 244788.53 | AO66: 178116.22 | AP66: 182000.02 | AQ66: 199544.34 | AR66: 184257.2 | AS66: 141903.7 | AT66: 182740.61 | AU66: 197530.86 | AV66: 179856.5 | AW66: 165459.16 | AX66: 170959.41 | AY66: 185392.67 | AZ66: 181013.25 | BA66: 174894.14 | BB66: 179407.83 | BC66: 190866.36 | BD66: 186313.83 | BE66: 218101.81 | BF66: 174020.81 | BG66: 206851.72 | BH66: 195850.41 | BI66: 256072.17 | BJ66: 126682.71 | BK66: 149873.69 | BL66: 128282.84 | BM66: 155323.8 | BN66: 156237.59 | BO66: 211094.47 | BP66: 211489.09
A67: LPC | B67: LPC 13:0 | C67: 20522.834 | D67: 22336.482 | E67: 34773.926 | F67: 34152.375 | G67: 21604.992 | H67: 21370.324 | I67: 27703.119 | J67: 20199.123 | K67: 29479.473 | L67: 28574.191 | M67: 35332.324 | N67: 38663.039 | O67: 44498 | P67: 25589.725 | Q67: 33626.047 | R67: 35581.656 | S67: 43048.82 | T67: 26908 | U67: 40229.871 | V67: 35859.758 | W67: 31186.506 | X67: 30791.313 | Y67: 26396.994 | Z67: 22683.467 | AA67: 35291.898 | AB67: 27871.809 | AC67: 27644.965 | AD67: 26793.719 | AE67: 28356.828 | AF67: 32297.998 | AG67: 29086.734 | AH67: 54557.246 | AI67: 33183.207 | AJ67: 25274.492 | AK67: 36245.656 | AL67: 27182.773 | AM67: 37254.117 | AN67: 34233.156 | AO67: 37009.855 | AP67: 28468.07 | AQ67: 33384.445 | AR67: 46082.988 | AS67: 22003.199 | AT67: 23315.273 | AU67: 30087.895 | AV67: 25552.664 | AW67: 28017.627 | AX67: 73013.344 | AY67: 55662.398 | AZ67: 73380.063 | BA67: 45861.301 | BB67: 57761.223 | BC67: 56016.348 | BD67: 55644.352 | BE67: 70199.539 | BF67: 51778.605 | BG67: 62163.328 | BH67: 71144.969 | BI67: 69684.805 | BJ67: 114761.7 | BK67: 58442.535 | BL67: 65761.469 | BM67: 39589.262 | BN67: 35557.039 | BO67: 46402.191 | BP67: 62983.988
A68: LPC | B68: LPC 14:0 | C68: NQ | D68: 1606.322 | E68: 2467.258 | F68: 1891.873 | G68: 1527.183 | H68: 2490.235 | I68: 1732.553 | J68: 908.888 | K68: 831.243 | L68: 926.669 | M68: 2171.482 | N68: 4630.901 | O68: 1816.482 | P68: 911.704 | Q68: 1513.014 | R68: NQ | S68: 2632.38 | T68: 1029.217 | U68: 9267.993 | V68: 2126.64 | W68: 3872.502 | X68: 2041.409 | Y68: 2421.544 | Z68: 2275.891 | AA68: 937.581 | AB68: 2062.629 | AC68: 2218.312 | AD68: 1407.713 | AE68: 5464.461 | AF68: 1808.497 | AG68: 1516.31 | AH68: 3631.69 | AI68: 1868.231 | AJ68: 893.245 | AK68: NQ | AL68: 2767.69 | AM68: 1367.622 | AN68: 1463.076 | AO68: 4212.784 | AP68: 1596.128 | AQ68: 2291.345 | AR68: 5756.328 | AS68: 1095.188 | AT68: 2987.563 | AU68: 6154.583 | AV68: 5811.118 | AW68: 4410.641 | AX68: 3124.865 | AY68: 1899.542 | AZ68: 1941.206 | BA68: 2100.049 | BB68: 6531.632 | BC68: 6233.899 | BD68: 6108.871 | BE68: 1654.418 | BF68: 1371.178 | BG68: 2289.592 | BH68: 899.895 | BI68: 1909.659 | BJ68: 4463.312 | BK68: 8008.748 | BL68: 841.345 | BM68: 7648.757 | BN68: 1193.453 | BO68: 1503.717 | BP68: 2430.859
A69: LPC | B69: LPC 15:0 | C69: NQ | D69: 1920.944 | E69: 2900.226 | F69: 2116.365 | G69: 1181.602 | H69: 2932.173 | I69: 1856.145 | J69: 996.795 | K69: 1288.38 | L69: 1025.507 | M69: 1623.416 | N69: 3456.553 | O69: 1878.433 | P69: 847.046 | Q69: 1575.923 | R69: NQ | S69: 2792.565 | T69: 1205.047 | U69: 5849.613 | V69: 2129.198 | W69: 2843.921 | X69: 2317.341 | Y69: 1907.542 | Z69: 2234.996 | AA69: 904.48 | AB69: 1744.713 | AC69: 1726.026 | AD69: 1376.756 | AE69: 3410.491 | AF69: 1711.306 | AG69: 1206.521 | AH69: 3391.368 | AI69: 2871.728 | AJ69: 840.352 | AK69: 903.56 | AL69: 1760.774 | AM69: 1347.485 | AN69: 1349.284 | AO69: 4858.759 | AP69: 1207.58 | AQ69: 1751.458 | AR69: 3932.996 | AS69: 1120.027 | AT69: 2715.007 | AU69: 4620.899 | AV69: 3594.494 | AW69: 3315.868 | AX69: 2048.395 | AY69: 2258.745 | AZ69: 2244.469 | BA69: 3252.344 | BB69: 4272.011 | BC69: 3758.543 | BD69: 3982.965 | BE69: 1659.199 | BF69: 1088.718 | BG69: 2718.5 | BH69: 1150.709 | BI69: 2114.369 | BJ69: 5256.841 | BK69: 6284.767 | BL69: 912.654 | BM69: 4395.564 | BN69: 1415.461 | BO69: 1336.298 | BP69: 2980.871
A70: LPC | B70: LPC 16:0 | C70: 231227.02 | D70: 341368.81 | E70: 536976.62 | F70: 338281 | G70: 324830.16 | H70: 438092.59 | I70: 307815.84 | J70: 263746.69 | K70: 354922.94 | L70: 214796.34 | M70: 294409.06 | N70: 530888 | O70: 417760.72 | P70: 186801.03 | Q70: 409650.19 | R70: 294980.75 | S70: 524532.75 | T70: 257236.59 | U70: 794355.19 | V70: 518107.38 | W70: 579681.38 | X70: 380904.25 | Y70: 412437.44 | Z70: 361389.28 | AA70: 304215.84 | AB70: 362309.44 | AC70: 298928.69 | AD70: 343446.62 | AE70: 516419.56 | AF70: 426560.97 | AG70: 315542.72 | AH70: 655678.88 | AI70: 623151.94 | AJ70: 203546.09 | AK70: 227147.95 | AL70: 336566.47 | AM70: 312870.31 | AN70: 233105.05 | AO70: 713124 | AP70: 464113.62 | AQ70: 575078.75 | AR70: 538120.88 | AS70: 399770.53 | AT70: 523880.31 | AU70: 541528.62 | AV70: 545685.31 | AW70: 452825.97 | AX70: 574843.44 | AY70: 482538.12 | AZ70: 424170.19 | BA70: 574198.88 | BB70: 554968.06 | BC70: 520055.94 | BD70: 482960.28 | BE70: 311698.94 | BF70: 236939.36 | BG70: 454545.75 | BH70: 352947.94 | BI70: 419886.53 | BJ70: 784145.75 | BK70: 670957.69 | BL70: 361467.03 | BM70: 688769.88 | BN70: 280480.75 | BO70: 292220.88 | BP70: 369519.84
A71: LPC | B71: LPC 16:1 | C71: 1928.163 | D71: 4195.418 | E71: 6968.343 | F71: 7415.341 | G71: 4397.985 | H71: 10265.982 | I71: 6494.533 | J71: 3581.549 | K71: 3844.398 | L71: 3600.278 | M71: 8837.873 | N71: 14884.494 | O71: 5526.44 | P71: 2003.86 | Q71: 8030.307 | R71: 2180.589 | S71: 5696.247 | T71: 4807.284 | U71: 19315.379 | V71: 8911.871 | W71: 10792.186 | X71: 4940.204 | Y71: 5849.576 | Z71: 6008.149 | AA71: 3622.796 | AB71: 5792.002 | AC71: 4352.338 | AD71: 4489.95 | AE71: 14726.659 | AF71: 8172.315 | AG71: 4815.441 | AH71: 10084.278 | AI71: 7435.122 | AJ71: 2351.862 | AK71: 1758.398 | AL71: 11411.97 | AM71: 3239.894 | AN71: 2890.144 | AO71: 14538.974 | AP71: 14247.318 | AQ71: 7038.792 | AR71: 16486.098 | AS71: 4351.515 | AT71: 7246.684 | AU71: 21701.465 | AV71: 10549.175 | AW71: 27941.633 | AX71: 22878.506 | AY71: 8565.895 | AZ71: 6099.686 | BA71: 6081.598 | BB71: 12648.066 | BC71: 15581.183 | BD71: 18290.039 | BE71: 7178.462 | BF71: 6011.905 | BG71: 13578.125 | BH71: 4013.527 | BI71: 10833.946 | BJ71: 24847.91 | BK71: 27432.051 | BL71: 8675.875 | BM71: 28878.252 | BN71: 4074.656 | BO71: 5178.036 | BP71: 7360.084
A72: LPC | B72: LPC 17:0 | C72: 2000.109 | D72: 2946.694 | E72: 6193.809 | F72: 4350.184 | G72: 2979.149 | H72: 4614.744 | I72: 3668.225 | J72: 2666.55 | K72: 2765.635 | L72: 2248.563 | M72: 4182.823 | N72: 8622.122 | O72: 4385.401 | P72: 2365.478 | Q72: 3576.852 | R72: 2506.468 | S72: 6388.142 | T72: 3093.713 | U72: 13459.264 | V72: 4842.825 | W72: 8241.997 | X72: 4813.087 | Y72: 5049.42 | Z72: 5928.429 | AA72: 2604.321 | AB72: 3143.998 | AC72: 3477.834 | AD72: 3347.899 | AE72: 9696.303 | AF72: 4793.015 | AG72: 4101.111 | AH72: 8654.901 | AI72: 10317.951 | AJ72: 2331.699 | AK72: 2947.457 | AL72: 3838.878 | AM72: 3660.418 | AN72: 2653.644 | AO72: 9760.095 | AP72: 5313.952 | AQ72: 4978.931 | AR72: 7399.87 | AS72: 3075.509 | AT72: 6028.852 | AU72: 10138.231 | AV72: 6819.094 | AW72: 6350.948 | AX72: 5093.219 | AY72: 5520.269 | AZ72: 5314.775 | BA72: 8729.693 | BB72: 10687.041 | BC72: 6472.828 | BD72: 7831.316 | BE72: 3783.04 | BF72: 2627.527 | BG72: 7873.5 | BH72: 3238.727 | BI72: 5757.864 | BJ72: 17015.617 | BK72: 12389.056 | BL72: 3226.761 | BM72: 8892.617 | BN72: 5411.768 | BO72: 3210.414 | BP72: 6665.398
A73: LPC | B73: LPC 18:0 | C73: 47071.785 | D73: 79939.539 | E73: 120224.92 | F73: 103814.82 | G73: 61458.035 | H73: 123432.69 | I73: 79894.992 | J73: 71354.133 | K73: 80617.422 | L73: 51465.137 | M73: 87561.578 | N73: 131656.02 | O73: 124939.8 | P73: 56017.145 | Q73: 95725.633 | R73: 132546.41 | S73: 140381.03 | T73: 69577.516 | U73: 255299.31 | V73: 142537.86 | W73: 174187.5 | X73: 103033.99 | Y73: 134948.14 | Z73: 114457.05 | AA73: 91199.281 | AB73: 99559.352 | AC73: 72900.688 | AD73: 142312.97 | AE73: 182619.28 | AF73: 94805.828 | AG73: 115889.92 | AH73: 186901.28 | AI73: 201847.69 | AJ73: 67754.359 | AK73: 85066.648 | AL73: 102313.38 | AM73: 100912.7 | AN73: 74872.445 | AO73: 156712.31 | AP73: 129472.29 | AQ73: 163914.11 | AR73: 195361.03 | AS73: 112566.45 | AT73: 125723.8 | AU73: 172228.88 | AV73: 132094.34 | AW73: 78663.828 | AX73: 175274.59 | AY73: 126184.71 | AZ73: 120867.95 | BA73: 137169.27 | BB73: 181946.28 | BC73: 157795.45 | BD73: 134360.94 | BE73: 79580.664 | BF73: 72280.164 | BG73: 123407.13 | BH73: 116422.02 | BI73: 125097.75 | BJ73: 292452.31 | BK73: 139818.95 | BL73: 106262.84 | BM73: 160240.38 | BN73: 91305.078 | BO73: 95270.828 | BP73: 124823.86
A74: LPC | B74: LPC 18:1 | C74: 51242.879 | D74: 76349.352 | E74: 89825.305 | F74: 99034.109 | G74: 68217.648 | H74: 91696.906 | I74: 79651.242 | J74: 33943.316 | K74: 70614.391 | L74: 45219.004 | M74: 102638.05 | N74: 139108.2 | O74: 114921.57 | P74: 35641.926 | Q74: 95083.422 | R74: 58656.133 | S74: 102693 | T74: 71904.711 | U74: 210690.67 | V74: 124547.13 | W74: 125378.55 | X74: 86383.367 | Y74: 65787.078 | Z74: 84759.367 | AA74: 86396.148 | AB74: 105520.41 | AC74: 62539.074 | AD74: 63563.84 | AE74: 193130.62 | AF74: 99631.563 | AG74: 74816.398 | AH74: 181817.69 | AI74: 130864.09 | AJ74: 36981.801 | AK74: 41219.258 | AL74: 101604.43 | AM74: 74221.609 | AN74: 60013.074 | AO74: 177981.5 | AP74: 178297.38 | AQ74: 119780.54 | AR74: 165952.62 | AS74: 69436.055 | AT74: 112762.23 | AU74: 165915.62 | AV74: 120872.07 | AW74: 164133.62 | AX74: 361479.69 | AY74: 153829.44 | AZ74: 165012.44 | BA74: 155007.66 | BB74: 197793.88 | BC74: 239417.66 | BD74: 209954.91 | BE74: 138199.41 | BF74: 97210.766 | BG74: 302006.06 | BH74: 114490.71 | BI74: 176809.42 | BJ74: 365039.38 | BK74: 287413.88 | BL74: 167675.53 | BM74: 281028.53 | BN74: 98393.805 | BO74: 131992 | BP74: 105116.44
A75: LPC | B75: LPC 18:2 | C75: 58128.859 | D75: 112197.67 | E75: 114027.23 | F75: 119294.88 | G75: 82290.742 | H75: 132176.61 | I75: 90366.438 | J75: 60711.598 | K75: 127074.2 | L75: 45950.484 | M75: 98328.797 | N75: 136351.86 | O75: 168802.94 | P75: 47026.039 | Q75: 104907.21 | R75: 114693.12 | S75: 117183.23 | T75: 132151.22 | U75: 268451.09 | V75: 137954.19 | W75: 198564.17 | X75: 142776.06 | Y75: 117792.16 | Z75: 98677.102 | AA75: 91474.781 | AB75: 150594.05 | AC75: 74330 | AD75: 100393.7 | AE75: 264793.31 | AF75: 86296.992 | AG75: 92559.711 | AH75: 281440.38 | AI75: 221659.08 | AJ75: 69114.391 | AK75: 72687.18 | AL75: 97823.273 | AM75: 123601.85 | AN75: 87026 | AO75: 189588.3 | AP75: 187147.42 | AQ75: 205925.81 | AR75: 246346.94 | AS75: 152278.95 | AT75: 151104.83 | AU75: 235217.2 | AV75: 136357.95 | AW75: 171707.27 | AX75: 351110.59 | AY75: 342258.88 | AZ75: 335829.03 | BA75: 317414.62 | BB75: 340605.41 | BC75: 340737.56 | BD75: 270134.69 | BE75: 191663.84 | BF75: 142941.56 | BG75: 323530.47 | BH75: 301082.94 | BI75: 242455.94 | BJ75: 641723.12 | BK75: 445354.19 | BL75: 189566.55 | BM75: 338189.47 | BN75: 145406.39 | BO75: 183571.23 | BP75: 168367.3
A76: LPC | B76: LPC 18:3 | C76: 12769.388 | D76: 19598.336 | E76: 26131.826 | F76: 22250.371 | G76: 15830.747 | H76: 14579.72 | I76: 11127.254 | J76: 7716.886 | K76: 9159.195 | L76: 4891.316 | M76: 10517.051 | N76: 15500.389 | O76: 13857.649 | P76: 6828.56 | Q76: 13780.277 | R76: 11806.337 | S76: 16268.668 | T76: 9336.396 | U76: 17712.965 | V76: 16541.197 | W76: 18366.984 | X76: 13436.014 | Y76: 14616.387 | Z76: 13195.053 | AA76: 12012.963 | AB76: 13589.211 | AC76: 11949.688 | AD76: 13615.033 | AE76: 16697.709 | AF76: 16239.529 | AG76: 12695.204 | AH76: 18959.723 | AI76: 18819.898 | AJ76: 8192.416 | AK76: 10636.359 | AL76: 13458.402 | AM76: 12062.104 | AN76: 10714.022 | AO76: 20489.287 | AP76: 13575.997 | AQ76: 18489.885 | AR76: 14669.708 | AS76: 15311.644 | AT76: 18480.111 | AU76: 17810.023 | AV76: 19186.092 | AW76: 17595.492 | AX76: 16977.213 | AY76: 17893.086 | AZ76: 16918.674 | BA76: 20286.828 | BB76: 17009.883 | BC76: 18379.721 | BD76: 17677.855 | BE76: 13870.972 | BF76: 10714.605 | BG76: 16596.686 | BH76: 16135.694 | BI76: 17624.465 | BJ76: 17007.734 | BK76: 20474.678 | BL76: 16631.348 | BM76: 19974.998 | BN76: 12518.193 | BO76: 13640.21 | BP76: 16605.229
A77: LPC | B77: LPC 20:3 | C77: 7810.938 | D77: 11304.766 | E77: 19076.029 | F77: 15346.513 | G77: 12828.76 | H77: 16296.313 | I77: 8424.563 | J77: 8001.229 | K77: 8897.991 | L77: 4510.94 | M77: 16351.193 | N77: 29203.029 | O77: 20809.201 | P77: 5639.236 | Q77: 10466.689 | R77: 8917.41 | S77: 19239.309 | T77: 9938.564 | U77: 39479.051 | V77: 16210.109 | W77: 16058.287 | X77: 11487.954 | Y77: 17391.605 | Z77: 12898.88 | AA77: 15239.196 | AB77: 18010.086 | AC77: 9164.18 | AD77: 14114.861 | AE77: 43330.285 | AF77: 17733.953 | AG77: 11391.577 | AH77: 38217.391 | AI77: 22171.807 | AJ77: 5614.67 | AK77: 9442.746 | AL77: 15751.438 | AM77: 20393.559 | AN77: 12588.386 | AO77: 18963.963 | AP77: 14685.726 | AQ77: 19189.494 | AR77: 56072.543 | AS77: 12725.073 | AT77: 14390.533 | AU77: 24859.82 | AV77: 29547.664 | AW77: 30945.268 | AX77: 45320.434 | AY77: 35407.629 | AZ77: 36011.613 | BA77: 33589.863 | BB77: 52959.32 | BC77: 50518.938 | BD77: 40324.891 | BE77: 25856.467 | BF77: 22898.314 | BG77: 22310.467 | BH77: 26063.102 | BI77: 58542.383 | BJ77: 112864.13 | BK77: 91573.016 | BL77: 57285.871 | BM77: 79777.297 | BN77: 28973.156 | BO77: 27693.305 | BP77: 25423.199
A78: LPC | B78: LPC 20:4 | C78: 22725.008 | D78: 41455.398 | E78: 87113.367 | F78: 56018.578 | G78: 42256.844 | H78: 61951.18 | I78: 40113.902 | J78: 32461.801 | K78: 48586.254 | L78: 22059.836 | M78: 32576.525 | N78: 63440.957 | O78: 59755.406 | P78: 32701.895 | Q78: 64569.414 | R78: 50692.148 | S78: 51637.043 | T78: 47443.457 | U78: 166984.66 | V78: 64008.051 | W78: 56256.027 | X78: 37023.449 | Y78: 33341.551 | Z78: 38775.723 | AA78: 50059.488 | AB78: 54530.512 | AC78: 39552.305 | AD78: 49338 | AE78: 91679.68 | AF78: 84689.5 | AG78: 52454.285 | AH78: 111915.43 | AI78: 83450.281 | AJ78: 25635.979 | AK78: 47965.52 | AL78: 68498.031 | AM78: 52917.867 | AN78: 35418.742 | AO78: 101171.23 | AP78: 88580.258 | AQ78: 68901.805 | AR78: 81342.953 | AS78: 67282.883 | AT78: 62910.953 | AU78: 67070.797 | AV78: 85336.547 | AW78: 78252.086 | AX78: 130900.73 | AY78: 140775.45 | AZ78: 109104.48 | BA78: 94949.813 | BB78: 131851.66 | BC78: 125558.25 | BD78: 112444.59 | BE78: 78511.305 | BF78: 73690.516 | BG78: 97663.25 | BH78: 120444.5 | BI78: 114173.2 | BJ78: 268751.91 | BK78: 120558.52 | BL78: 118396.01 | BM78: 114214.1 | BN78: 61205.406 | BO78: 61568.238 | BP78: 122113.12
A79: LPC | B79: LPC 20:5 | C79: 3834.499 | D79: 7766.901 | E79: 12246.563 | F79: 10326.292 | G79: 6100.693 | H79: 11116.55 | I79: 5384.192 | J79: 2305.419 | K79: 5794.393 | L79: 2490.154 | M79: 5384.295 | N79: 11208.812 | O79: 11155.099 | P79: 3050.206 | Q79: 5969.902 | R79: 6228.222 | S79: 11667.279 | T79: 8265.084 | U79: 20814.18 | V79: 9746.084 | W79: 9647.138 | X79: 13477.912 | Y79: 6328.071 | Z79: 6448.833 | AA79: 5815.954 | AB79: 12654.272 | AC79: 4848.438 | AD79: 5179.066 | AE79: 27785.516 | AF79: 6090.32 | AG79: 11419.638 | AH79: 21244.83 | AI79: 17516.346 | AJ79: 3437.462 | AK79: 3779.809 | AL79: 9322.004 | AM79: 7153.772 | AN79: 4959.763 | AO79: 11914.807 | AP79: 19033.291 | AQ79: 14184.14 | AR79: 26420.752 | AS79: 9834.957 | AT79: 11014.042 | AU79: 11304.438 | AV79: 11850.152 | AW79: 17299.539 | AX79: 25439.156 | AY79: 19768.811 | AZ79: 21339.803 | BA79: 21550.84 | BB79: 27952.703 | BC79: 22920.645 | BD79: 22081.115 | BE79: 13974.101 | BF79: 10372.729 | BG79: 22432.191 | BH79: 18379.424 | BI79: 36499.879 | BJ79: 35138.496 | BK79: 28079.111 | BL79: 22744.912 | BM79: 32479.078 | BN79: 8874.417 | BO79: 13865.398 | BP79: 16320.371
A80: LPC | B80: LPC 22:5 | C80: 1393.92 | D80: 2824.081 | E80: 6355.224 | F80: 3305.337 | G80: 2697.964 | H80: 4806.669 | I80: 2162.862 | J80: 1681.201 | K80: 2656.677 | L80: 1387.582 | M80: 3397.907 | N80: 6460.235 | O80: 4603.252 | P80: 2119.202 | Q80: 3797.847 | R80: 3000.592 | S80: 6087.786 | T80: 2372.62 | U80: 12676.46 | V80: 4512.925 | W80: 3498.786 | X80: 2766.934 | Y80: 1963.23 | Z80: 2693.284 | AA80: 2459.37 | AB80: 3560.462 | AC80: 2454.084 | AD80: 1670.966 | AE80: 8224.293 | AF80: 4999.667 | AG80: 3579.751 | AH80: 9244.732 | AI80: 7567.95 | AJ80: 1695.624 | AK80: 3491.336 | AL80: 2315.07 | AM80: 5336.834 | AN80: 3247.111 | AO80: 9366.083 | AP80: 9924.269 | AQ80: 6175.212 | AR80: 15995.364 | AS80: 2260.99 | AT80: 5122.04 | AU80: 7225.102 | AV80: 6880.392 | AW80: 7823.137 | AX80: 13899.461 | AY80: 10343.844 | AZ80: 10702.061 | BA80: 10012.002 | BB80: 10814.67 | BC80: 14823.219 | BD80: 11719.101 | BE80: 8407.465 | BF80: 5151.823 | BG80: 8843.469 | BH80: 9884.838 | BI80: 13198.407 | BJ80: 30580.264 | BK80: 12406.321 | BL80: 9576.033 | BM80: 13285.92 | BN80: 6168.467 | BO80: 6961.711 | BP80: 11462.235
A81: LPC | B81: LPC 22:6 | C81: 5504.76 | D81: 12706.991 | E81: 25024.639 | F81: 12827.78 | G81: 8929.095 | H81: 16113.436 | I81: 8573.523 | J81: 6743.625 | K81: 11658.283 | L81: 8705.467 | M81: 10757.199 | N81: 19908.82 | O81: 28353.664 | P81: 11472.218 | Q81: 17316.5 | R81: 20780.754 | S81: 39361.73 | T81: 15563.868 | U81: 37206.285 | V81: 17028.84 | W81: 24745.869 | X81: 16457.209 | Y81: 12307.076 | Z81: 10026.094 | AA81: 13594.785 | AB81: 17748.303 | AC81: 11105.095 | AD81: 7212.71 | AE81: 23478.137 | AF81: 20125.273 | AG81: 22497.559 | AH81: 46059.543 | AI81: 49336.887 | AJ81: 10551.624 | AK81: 14011.563 | AL81: 13267.907 | AM81: 19925.715 | AN81: 12552.879 | AO81: 33745.047 | AP81: 34981.848 | AQ81: 28620.365 | AR81: 50146.934 | AS81: 16272.426 | AT81: 14892.707 | AU81: 19433.91 | AV81: 14219.439 | AW81: 15540.992 | AX81: 54621.367 | AY81: 38989.68 | AZ81: 53033.617 | BA81: 39178.293 | BB81: 40120.523 | BC81: 55277.441 | BD81: 38000.555 | BE81: 27582.234 | BF81: 21504.727 | BG81: 39730.508 | BH81: 54883.855 | BI81: 55479.973 | BJ81: 82188.57 | BK81: 57573.254 | BL81: 36202.348 | BM81: 28217.262 | BN81: 21951.291 | BO81: 29723.48 | BP81: 45207.902
A82: LPC | B82: LPC O-16:0 | C82: NQ | D82: 2011.787 | E82: 2269.675 | F82: 1978.152 | G82: 1358.998 | H82: 2084.094 | I82: 1811.548 | J82: 1277.821 | K82: 2064.001 | L82: 843.109 | M82: 2258.061 | N82: 5207.38 | O82: 2754.103 | P82: 859.732 | Q82: 1792.897 | R82: 1754.013 | S82: 2975.051 | T82: 1083.442 | U82: 5376.823 | V82: 3512.672 | W82: 2312.976 | X82: 2423.319 | Y82: 1847.559 | Z82: 2230.701 | AA82: 1507.811 | AB82: 1320.402 | AC82: 1838.25 | AD82: 1631.731 | AE82: 2320.334 | AF82: 3178.292 | AG82: 1848.946 | AH82: 4084.451 | AI82: 5332.711 | AJ82: 1456.01 | AK82: 1888.134 | AL82: 1556.129 | AM82: 1900.006 | AN82: 1552.347 | AO82: 3662.807 | AP82: 905.94 | AQ82: 1850.21 | AR82: 3363.813 | AS82: 1883.437 | AT82: 2083.944 | AU82: 3705.812 | AV82: 4063.54 | AW82: 1760.019 | AX82: 2732.411 | AY82: 1919.496 | AZ82: 1960.691 | BA82: 3907.838 | BB82: 3665.16 | BC82: 3397.732 | BD82: 2726.963 | BE82: 2493.256 | BF82: 1232.779 | BG82: 2591.056 | BH82: 1902.231 | BI82: 1900.134 | BJ82: 7364.596 | BK82: 2958.322 | BL82: 2176.367 | BM82: 2827.46 | BN82: 1989.692 | BO82: 1105.337 | BP82: 2667.075
A83: LPC | B83: LPC O-16:1//LPC P-16:0 | C83: NQ | D83: 1127.526 | E83: 1347.199 | F83: 1313.426 | G83: 929.067 | H83: 1262.591 | I83: 1175.289 | J83: 919.117 | K83: 1237.38 | L83: NQ | M83: NQ | N83: 2920.4 | O83: 1700.709 | P83: NQ | Q83: 1055.611 | R83: 1323.762 | S83: 1785.95 | T83: NQ | U83: 6659.606 | V83: 2508.48 | W83: 2697.535 | X83: 1555.491 | Y83: 1431.676 | Z83: 1554.536 | AA83: NQ | AB83: 1415.518 | AC83: NQ | AD83: 1147.124 | AE83: 2299.255 | AF83: 2067.842 | AG83: 1470.696 | AH83: 1353.27 | AI83: 5432.455 | AJ83: NQ | AK83: 910.369 | AL83: 1045.384 | AM83: 974.68 | AN83: NQ | AO83: 5906.287 | AP83: 3409.728 | AQ83: 917.092 | AR83: 3109.467 | AS83: NQ | AT83: 1606.987 | AU83: 3352.557 | AV83: 2716.569 | AW83: 1768.506 | AX83: 3970.513 | AY83: 1510.25 | AZ83: 1635.653 | BA83: 2443.826 | BB83: 3804.097 | BC83: 2665.826 | BD83: 2797.952 | BE83: 1661.379 | BF83: 900.188 | BG83: 4262.676 | BH83: 2030.599 | BI83: 1999.75 | BJ83: 9213.687 | BK83: 3637.153 | BL83: 2967.633 | BM83: 3167.009 | BN83: 1494.439 | BO83: NQ | BP83: 2105.736
A84: LPC | B84: LPC O-16:2//LPC P-16:1 | C84: 2181.928 | D84: 4044.901 | E84: 6668.833 | F84: 4135.88 | G84: 3471.779 | H84: 4865.454 | I84: 3753.552 | J84: 3004.003 | K84: 4246.428 | L84: 2059.716 | M84: 3303.576 | N84: 5438.234 | O84: 4848.006 | P84: 1771.09 | Q84: 4680.025 | R84: 3552.03 | S84: 5633.891 | T84: 2783.668 | U84: 9042.096 | V84: 5326.322 | W84: 6613.625 | X84: 3677.724 | Y84: 3991.937 | Z84: 4100.849 | AA84: 3248.904 | AB84: 3778.141 | AC84: 3281.93 | AD84: 3568.394 | AE84: 5951.519 | AF84: 4504.87 | AG84: 3399.271 | AH84: 7511.008 | AI84: 7637.793 | AJ84: 1826.72 | AK84: 2670.58 | AL84: 3564.496 | AM84: 3323.932 | AN84: 2479.484 | AO84: 8581.623 | AP84: 5167.928 | AQ84: 6063.633 | AR84: 5671.465 | AS84: 4096.623 | AT84: 5926.938 | AU84: 5610.686 | AV84: 5994.493 | AW84: 4939.415 | AX84: 6626.748 | AY84: 5324.692 | AZ84: 4705.282 | BA84: 7051.526 | BB84: 6494.251 | BC84: 6221.164 | BD84: 5873.321 | BE84: 3082.736 | BF84: 2135.741 | BG84: 5477.846 | BH84: 4107.906 | BI84: 5449.037 | BJ84: 9276.021 | BK84: 8099.395 | BL84: 4464.34 | BM84: 8172.474 | BN84: 2846.751 | BO84: 3192.831 | BP84: 4732.861
A85: LPC | B85: LPC O-18:1//LPC P-18:0 | C85: 1017.424 | D85: 2039.457 | E85: 2175.242 | F85: 2141.416 | G85: 1338.179 | H85: 2194.171 | I85: 1862.409 | J85: 1463.577 | K85: 2025.919 | L85: 1516.722 | M85: 2844.528 | N85: 4302.037 | O85: 2907.128 | P85: 1255.689 | Q85: 2321.966 | R85: 1881.781 | S85: 3278.384 | T85: 1149.045 | U85: 5739.29 | V85: 3241.783 | W85: 2803.542 | X85: 2603.338 | Y85: 1683.471 | Z85: 2350.496 | AA85: 1391.432 | AB85: 1392.077 | AC85: 1535.585 | AD85: 2714.26 | AE85: 3844.518 | AF85: 3301.22 | AG85: 1900.288 | AH85: 3240.639 | AI85: 5710.574 | AJ85: 1590.741 | AK85: 1789.278 | AL85: 1655.926 | AM85: 1668.478 | AN85: 1445.357 | AO85: 4160.83 | AP85: 2240.188 | AQ85: 2113.886 | AR85: 3446.201 | AS85: 1773.408 | AT85: 2347.077 | AU85: 3279.64 | AV85: 2753.486 | AW85: 1908.995 | AX85: 4464.21 | AY85: 2195.859 | AZ85: 2152.576 | BA85: 3111.87 | BB85: 4015.58 | BC85: 2993.724 | BD85: 3451.701 | BE85: 2495.617 | BF85: 991.02 | BG85: 5560.729 | BH85: 2043.989 | BI85: 2948.783 | BJ85: 8405.476 | BK85: 2397.815 | BL85: 3938.445 | BM85: 3224.62 | BN85: 2005.47 | BO85: 1118.221 | BP85: 2596.044
A86: LPC | B86: LPC O-18:2//LPC P-18:1 | C86: NQ | D86: 904.302 | E86: 1271.511 | F86: 1156.407 | G86: NQ | H86: 1486.965 | I86: 925.63 | J86: NQ | K86: 988.732 | L86: NQ | M86: 876.804 | N86: 1579.215 | O86: 1564.051 | P86: NQ | Q86: NQ | R86: 1444.198 | S86: 1574.807 | T86: NQ | U86: 3302.142 | V86: 1653.164 | W86: 2068.363 | X86: 966.294 | Y86: 1317.822 | Z86: 999.733 | AA86: 831.302 | AB86: 880.395 | AC86: 825.049 | AD86: 1608.271 | AE86: 1902.255 | AF86: 946.915 | AG86: 1151.534 | AH86: 1897.059 | AI86: 2470.355 | AJ86: NQ | AK86: 804.17 | AL86: 940.7 | AM86: NQ | AN86: NQ | AO86: 1695.508 | AP86: 1621.226 | AQ86: 1232.185 | AR86: 2563.94 | AS86: 1169.375 | AT86: 1182.634 | AU86: 1997.558 | AV86: 1268.657 | AW86: NQ | AX86: 2285.313 | AY86: 1325.376 | AZ86: 1222.985 | BA86: 1540.04 | BB86: 2502.763 | BC86: 1589.791 | BD86: 1819.981 | BE86: 850.781 | BF86: NQ | BG86: 2066.24 | BH86: 1188.607 | BI86: 1450.471 | BJ86: 4051.884 | BK86: 1557.48 | BL86: 1498.533 | BM86: 1894.484 | BN86: 805.065 | BO86: 825.266 | BP86: 1178.098
A87: LPE | B87: LPE 13:0 | C87: 6320.942 | D87: 5329.384 | E87: 5454.866 | F87: 4880.931 | G87: 4964.663 | H87: 4746.178 | I87: 5360.207 | J87: 4144.205 | K87: 5146.892 | L87: 6366.792 | M87: 4478.177 | N87: 4498.103 | O87: 5092.999 | P87: 4685.973 | Q87: 4978.862 | R87: 3873.239 | S87: 4451.445 | T87: 4291.87 | U87: 5173.963 | V87: 4523.086 | W87: 4378.683 | X87: 3674.914 | Y87: 3527.456 | Z87: 4561.281 | AA87: 4316.154 | AB87: 4529.91 | AC87: 4902.387 | AD87: 4453.326 | AE87: 5137.136 | AF87: 6732.254 | AG87: 4813.214 | AH87: 3656.664 | AI87: 5973.089 | AJ87: 4816.748 | AK87: 5034.248 | AL87: 5043.624 | AM87: 2939.993 | AN87: 5887.237 | AO87: 4636.738 | AP87: 3901.579 | AQ87: 5124.758 | AR87: 4306.052 | AS87: 3853.994 | AT87: 4511.277 | AU87: 4072.967 | AV87: 4455.839 | AW87: 4551.274 | AX87: 4205.572 | AY87: 3869.447 | AZ87: 3817.744 | BA87: 4162.868 | BB87: 4135.189 | BC87: 6157.188 | BD87: 4812.201 | BE87: 3979.669 | BF87: 5225.156 | BG87: 5196.149 | BH87: 3994.484 | BI87: 4619.933 | BJ87: 3964.946 | BK87: 3333.567 | BL87: 2481.826 | BM87: 4160.063 | BN87: 3644.815 | BO87: 4225.705 | BP87: 3942.06
A88: PC | B88: PC 26:0_ISTD | C88: 205056.73 | D88: 240290.3 | E88: 232595 | F88: 242138.08 | G88: 213388.66 | H88: 200612.64 | I88: 266069.25 | J88: 150274.95 | K88: 295364.53 | L88: 257744.42 | M88: 277028.53 | N88: 218096.56 | O88: 179785.25 | P88: 330394.84 | Q88: 199899.75 | R88: 255769.84 | S88: 317982.19 | T88: 215506.62 | U88: 173413.12 | V88: 184153.52 | W88: 132233.34 | X88: 251543.61 | Y88: 163052.31 | Z88: 231609.03 | AA88: 215106.09 | AB88: 132836.08 | AC88: 234371.48 | AD88: 139246.41 | AE88: 119577.17 | AF88: 257472.5 | AG88: 276873 | AH88: 127633.5 | AI88: 230233.48 | AJ88: 266265.16 | AK88: 344871.22 | AL88: 120754.65 | AM88: 179373.97 | AN88: 155594.05 | AO88: 107586.08 | AP88: 99441.094 | AQ88: 94663.148 | AR88: 103798.16 | AS88: 130925.55 | AT88: 150675.77 | AU88: 117152.16 | AV88: 150853.3 | AW88: 227365.25 | AX88: 167792.34 | AY88: 105902.83 | AZ88: 148006.56 | BA88: 94956.938 | BB88: 117416.41 | BC88: 119049.48 | BD88: 199278.33 | BE88: 236897.61 | BF88: 258806.34 | BG88: 195225.91 | BH88: 159398.39 | BI88: 185652.09 | BJ88: 113211.17 | BK88: 97172.695 | BL88: 163904.77 | BM88: 85358.453 | BN88: 103299.82 | BO88: 178202.97 | BP88: 247377.08
A89: PC | B89: PC 30:0 | C89: 4525.038 | D89: 3614.423 | E89: 7423.57 | F89: 7991.29 | G89: 6389.936 | H89: 7324.27 | I89: 4961.15 | J89: 4632.968 | K89: 2497.183 | L89: 6152.864 | M89: 7539.681 | N89: 11224.649 | O89: 6785.833 | P89: 4863.801 | Q89: 5364.815 | R89: 2965.91 | S89: 6414.227 | T89: 4905.954 | U89: 7729.348 | V89: 6191.705 | W89: 5084.04 | X89: 4943.938 | Y89: 3876.162 | Z89: 3943.189 | AA89: 4240.092 | AB89: 7719.57 | AC89: 4467.808 | AD89: 2392.465 | AE89: 7536.322 | AF89: 5415.189 | AG89: 4280.054 | AH89: 5809.583 | AI89: 3573.818 | AJ89: 4430.385 | AK89: 1975.008 | AL89: 7549.935 | AM89: 5745.153 | AN89: 6210.35 | AO89: 6256.954 | AP89: 3305.311 | AQ89: 7364.889 | AR89: 7262.925 | AS89: 3061.228 | AT89: 5919.859 | AU89: 6347.525 | AV89: 6197.738 | AW89: 9743.162 | AX89: 3392.635 | AY89: 4269.12 | AZ89: 4810.857 | BA89: 3723.317 | BB89: 7518.318 | BC89: 8285.846 | BD89: 7939.373 | BE89: 3356.122 | BF89: 4951.743 | BG89: 3538.534 | BH89: 2676.718 | BI89: 3679.66 | BJ89: 4194.88 | BK89: 11118.324 | BL89: 2010.188 | BM89: 8326.745 | BN89: 4939.615 | BO89: 3552.489 | BP89: 5551.419
A90: PC | B90: PC 32:0 | C90: 73553.195 | D90: 49109.965 | E90: 65940.891 | F90: 95821.156 | G90: 78170.266 | H90: 79305.586 | I90: 60735.406 | J90: 80527.633 | K90: 56029.965 | L90: 74790.781 | M90: 70879.805 | N90: 99921.961 | O90: 102852.22 | P90: 60881.566 | Q90: 84852 | R90: 69017.039 | S90: 78457.516 | T90: 58862.781 | U90: 61800.574 | V90: 84211.234 | W90: 52477.211 | X90: 52766.793 | Y90: 38450.336 | Z90: 45779.492 | AA90: 73010.047 | AB90: 78865.328 | AC90: 41549.973 | AD90: 54119.742 | AE90: 65814.703 | AF90: 78613.031 | AG90: 68322.836 | AH90: 59856.633 | AI90: 72267.469 | AJ90: 59965.668 | AK90: 54554.051 | AL90: 74315.273 | AM90: 56871.051 | AN90: 63713.375 | AO90: 83730.586 | AP90: 91743.977 | AQ90: 144873.47 | AR90: 62901.652 | AS90: 67566.734 | AT90: 69940.008 | AU90: 51412.137 | AV90: 60616.898 | AW90: 80079.875 | AX90: 51064.07 | AY90: 77860.641 | AZ90: 48984.285 | BA90: 59945.223 | BB90: 57223.719 | BC90: 68028.375 | BD90: 56638.617 | BE90: 50480.949 | BF90: 49270.23 | BG90: 55534.242 | BH90: 62520.887 | BI90: 63428.367 | BJ90: 53647.844 | BK90: 61714.305 | BL90: 62374.961 | BM90: 66507.078 | BN90: 75537.047 | BO90: 45747.066 | BP90: 63377.887
A91: PC | B91: PC 32:1 | C91: 23967.316 | D91: 18726.855 | E91: 35321.605 | F91: 46013.746 | G91: 32254.682 | H91: 48371.43 | I91: 31010.902 | J91: 31629.842 | K91: 16870.088 | L91: 41113.59 | M91: 47353.645 | N91: 56850.934 | O91: 28060.943 | P91: 19638.322 | Q91: 44283.813 | R91: 11154.862 | S91: 23882.895 | T91: 28533.838 | U91: 26836.098 | V91: 32355.609 | W91: 25214.961 | X91: 14448.889 | Y91: 19664.652 | Z91: 16089.049 | AA91: 29661.02 | AB91: 32148.607 | AC91: 21284.436 | AD91: 12791.57 | AE91: 35602.633 | AF91: 36149.656 | AG91: 22851.055 | AH91: 30443.105 | AI91: 14717.168 | AJ91: 16522.205 | AK91: 8564.926 | AL91: 61479.563 | AM91: 24443.619 | AN91: 25366.648 | AO91: 32794.387 | AP91: 40235.59 | AQ91: 26076.943 | AR91: 35769.445 | AS91: 17689.57 | AT91: 21127.541 | AU91: 36727.461 | AV91: 24917.557 | AW91: 87957.266 | AX91: 38624.902 | AY91: 28760.887 | AZ91: 21037.943 | BA91: 13703.027 | BB91: 25763.303 | BC91: 35394.996 | BD91: 43749.57 | BE91: 23406.201 | BF91: 33267.934 | BG91: 24038.252 | BH91: 13130.538 | BI91: 31405.119 | BJ91: 30088.83 | BK91: 53716.172 | BL91: 23555.521 | BM91: 47011.582 | BN91: 19797.578 | BO91: 20338.885 | BP91: 23030.623
A92: PC | B92: PC 32:2 | C92: 1816.331 | D92: 1511.26 | E92: 2057.922 | F92: 1891.507 | G92: 1720.822 | H92: 3544.613 | I92: 2192.958 | J92: 1542.078 | K92: 1100.528 | L92: 2626.935 | M92: 2838.63 | N92: 3155.364 | O92: 2524.847 | P92: 1875.359 | Q92: 1564.076 | R92: 1211.471 | S92: 2009.504 | T92: 1659.575 | U92: 3875.599 | V92: 1643.422 | W92: 2732.446 | X92: 2144.01 | Y92: 3541.985 | Z92: 1600.03 | AA92: 1011.77 | AB92: 2316.719 | AC92: 1908.533 | AD92: 2366.691 | AE92: 4768.227 | AF92: 1361.454 | AG92: 1145.556 | AH92: 2482.115 | AI92: 1313.705 | AJ92: 2344.545 | AK92: NQ | AL92: 2465.69 | AM92: 1939.221 | AN92: 2262.469 | AO92: 2101.38 | AP92: 1176.495 | AQ92: 2608.81 | AR92: 3590.216 | AS92: 1630.495 | AT92: 2683.564 | AU92: 5701.11 | AV92: 2649.071 | AW92: 4593.236 | AX92: 2038.813 | AY92: 2231.772 | AZ92: 1518.448 | BA92: 1049.58 | BB92: 3760.982 | BC92: 2935.784 | BD92: 4536.343 | BE92: 1859.952 | BF92: 1532.409 | BG92: 2313.809 | BH92: 926.268 | BI92: 1366.502 | BJ92: 1899.244 | BK92: 5239.197 | BL92: NQ | BM92: 3956.695 | BN92: 1241.1 | BO92: 1409.402 | BP92: 1219.279
A93: PC | B93: PC 34:0 | C93: 220175.58 | D93: 125083.24 | E93: 209683.56 | F93: 175719.12 | G93: 180025.53 | H93: 196053.34 | I93: 139821.31 | J93: 149736.3 | K93: 142556.59 | L93: 188042.23 | M93: 129818.8 | N93: 165241.55 | O93: 188777.16 | P93: 134268.78 | Q93: 192542.27 | R93: 95820.078 | S93: 140858.5 | T93: 147898.83 | U93: 43028.223 | V93: 157366.44 | W93: 109473.23 | X93: 92481.664 | Y93: 78813.656 | Z93: 90468.461 | AA93: 180618 | AB93: 203309.17 | AC93: 104048.45 | AD93: 95223.563 | AE93: 161787.86 | AF93: 147252 | AG93: 116006.94 | AH93: 186959.16 | AI93: 143090.19 | AJ93: 85349.75 | AK93: 76615.031 | AL93: 195029 | AM93: 130252.71 | AN93: 151582.56 | AO93: 198600.89 | AP93: 203713.7 | AQ93: 215933.61 | AR93: 152836.2 | AS93: 105083.7 | AT93: 157790.55 | AU93: 144433.55 | AV93: 140365.19 | AW93: 167905.67 | AX93: 186838.89 | AY93: 168476.98 | AZ93: 142496.72 | BA93: 156729.44 | BB93: 145696.81 | BC93: 175873.92 | BD93: 149378.17 | BE93: 102425.32 | BF93: 103810.09 | BG93: 154730.33 | BH93: 86343.531 | BI93: 155264.2 | BJ93: 105237.43 | BK93: 150530.08 | BL93: 78150.297 | BM93: 190581.81 | BN93: 125796.6 | BO93: 132681.89 | BP93: 73565.094
A94: PC | B94: PC 34:1 | C94: 2130959.8 | D94: 1083392.6 | E94: 2032045.4 | F94: 1741514.9 | G94: 1798658.4 | H94: 1820080.1 | I94: 1372609.1 | J94: 1534522.6 | K94: 1366527.4 | L94: 1793764.8 | M94: 1135016 | N94: 1495529.6 | O94: 1759980.4 | P94: 1101442.8 | Q94: 1831440.5 | R94: 1009693.5 | S94: 1466865.1 | T94: 1201545.5 | U94: 1123973.5 | V94: 1426574.6 | W94: 1302440 | X94: 908128.5 | Y94: 857978.19 | Z94: 942759.81 | AA94: 1886005.2 | AB94: 1833736.4 | AC94: 1002137.9 | AD94: 912352.94 | AE94: 1487399.4 | AF94: 1419510.9 | AG94: 1110972.2 | AH94: 1670514.4 | AI94: 1311009.8 | AJ94: 929897.88 | AK94: 403086.19 | AL94: 1833701.4 | AM94: 1346728.8 | AN94: 1326500.9 | AO94: 1964609.4 | AP94: 1804897.9 | AQ94: 1915936.5 | AR94: 1758938 | AS94: 1097445.8 | AT94: 1392024.1 | AU94: 1374002.5 | AV94: 1263849.9 | AW94: 1477732.2 | AX94: 1753280.1 | AY94: 1605031.4 | AZ94: 1415625.6 | BA94: 1608340.9 | BB94: 1337397.5 | BC94: 1594667.6 | BD94: 1369273.9 | BE94: 1062636.8 | BF94: 1039636.2 | BG94: 1677530.4 | BH94: 993851.31 | BI94: 1508081.2 | BJ94: 1164401.5 | BK94: 1600795.1 | BL94: 828967.31 | BM94: 1736125.8 | BN94: 1272580 | BO94: 1330696 | BP94: 500203.03
A95: PC | B95: PC 34:2 | C95: 1493942.4 | D95: 1421069.9 | E95: 1339454.9 | F95: 1422495.9 | G95: 1311933.6 | H95: 1497400 | I95: 951497.38 | J95: 1522042 | K95: 1522586.4 | L95: 1395422.8 | M95: 1077335.1 | N95: 1108424.5 | O95: 1453285.8 | P95: 1047684.8 | Q95: 1371951.1 | R95: 1243894.1 | S95: 1252227 | T95: 1481536.8 | U95: 1028140.4 | V95: 1272065.5 | W95: 1452791.6 | X95: 1219627.2 | Y95: 1261460.6 | Z95: 846253.19 | AA95: 1367949.9 | AB95: 1587151.8 | AC95: 891941.38 | AD95: 1133631.2 | AE95: 1218283.5 | AF95: 907770.94 | AG95: 856270 | AH95: 1442329.6 | AI95: 1392175.6 | AJ95: 1270017.1 | AK95: 909970.19 | AL95: 1087662.9 | AM95: 1197157.2 | AN95: 1170915.8 | AO95: 1379929.9 | AP95: 1191885.8 | AQ95: 1808362.9 | AR95: 1135142.8 | AS95: 1392804.8 | AT95: 1453069.1 | AU95: 1141743.1 | AV95: 1025522.1 | AW95: 1161458.1 | AX95: 1122509.9 | AY95: 745984.31 | AZ95: 1229750 | BA95: 1733768.8 | BB95: 1107610.2 | BC95: 1182390 | BD95: 1007725.6 | BE95: 1108931.1 | BF95: 874132.25 | BG95: 1439213.4 | BH95: 1253934.5 | BI95: 590175.06 | BJ95: 1049200.5 | BK95: 1509333.2 | BL95: 419334.03 | BM95: 1171472.2 | BN95: 1045248.4 | BO95: 1229334.9 | BP95: 727287.44
A96: PC | B96: PC 34:3 | C96: 30489.145 | D96: 18673.178 | E96: 27720.385 | F96: 30203.238 | G96: 21666.355 | H96: 48495.668 | I96: 24284.521 | J96: 24180.627 | K96: 17685.359 | L96: 28254.951 | M96: 28465.572 | N96: 45512.605 | O96: 36578.289 | P96: 23406.809 | Q96: 24059.453 | R96: 18108.793 | S96: 27470.254 | T96: 24368.564 | U96: 28534.293 | V96: 24909.428 | W96: 35693.363 | X96: 20035.244 | Y96: 30078.436 | Z96: 20094.473 | AA96: 21004.375 | AB96: 34605.391 | AC96: 16307.318 | AD96: 25802.727 | AE96: 62840.242 | AF96: 16317.655 | AG96: 20611.848 | AH96: 34387.977 | AI96: 17825.133 | AJ96: 22425.313 | AK96: 13546.486 | AL96: 34180.109 | AM96: 23589.443 | AN96: 27026.322 | AO96: 41162.809 | AP96: 31318.518 | AQ96: 37056.941 | AR96: 41984.734 | AS96: 23121.346 | AT96: 31001.471 | AU96: 57598.934 | AV96: 32485.52 | AW96: 38873.555 | AX96: 29500.176 | AY96: 31134.289 | AZ96: 21270.926 | BA96: 24428.41 | BB96: 41029.633 | BC96: 33642.535 | BD96: 49101.305 | BE96: 24905.365 | BF96: 19114.236 | BG96: 28831.186 | BH96: 15611.135 | BI96: 28823.965 | BJ96: 28447.197 | BK96: 49166.605 | BL96: 14161.61 | BM96: 48257.129 | BN96: 23402.797 | BO96: 26039.816 | BP96: 15376.3
A97: PC | B97: PC 34:4 | C97: 910.145 | D97: 853.748 | E97: 1445.769 | F97: 1223.707 | G97: 1501.433 | H97: 2439.045 | I97: 1122.786 | J97: 823.899 | K97: NQ | L97: 875.657 | M97: 808.34 | N97: 2348.584 | O97: NQ | P97: 1240.807 | Q97: 1018.246 | R97: NQ | S97: 929.861 | T97: 1045.047 | U97: 5678.344 | V97: 800.69 | W97: 1735.615 | X97: NQ | Y97: 1623.876 | Z97: 1204.569 | AA97: NQ | AB97: 1242.413 | AC97: 1121.648 | AD97: 1353.944 | AE97: 4885.283 | AF97: 977.99 | AG97: NQ | AH97: 1402.264 | AI97: NQ | AJ97: 1003.693 | AK97: NQ | AL97: 2909.735 | AM97: NQ | AN97: 1019.391 | AO97: 1681.414 | AP97: 879.027 | AQ97: 966.479 | AR97: 1767.168 | AS97: 1031.363 | AT97: 1741.971 | AU97: 3129.506 | AV97: 3383.69 | AW97: 1783.47 | AX97: 1194.806 | AY97: 1500.054 | AZ97: 886.883 | BA97: NQ | BB97: 3555.256 | BC97: 1598.257 | BD97: 3103.641 | BE97: NQ | BF97: NQ | BG97: NQ | BH97: NQ | BI97: NQ | BJ97: 1223.491 | BK97: 3162.553 | BL97: NQ | BM97: 2567.016 | BN97: NQ | BO97: NQ | BP97: 1522.512
A98: PC | B98: PC 36:0 | C98: 16093.34 | D98: 10996.049 | E98: 12329.73 | F98: 10032.289 | G98: 15592.76 | H98: 12323.495 | I98: 7565.716 | J98: 13224.213 | K98: 12483.558 | L98: 20914.52 | M98: 19001.111 | N98: 19766.236 | O98: 16985.369 | P98: 15629.651 | Q98: 10023.147 | R98: 15791.067 | S98: 11472.419 | T98: 14952.62 | U98: 14931.458 | V98: 14567.409 | W98: 15575.784 | X98: 11141.616 | Y98: 9900.542 | Z98: 9993.119 | AA98: 19558.723 | AB98: 16399.957 | AC98: 9749.166 | AD98: 10869.534 | AE98: 30061.824 | AF98: 7587.084 | AG98: 9778.43 | AH98: 22745.494 | AI98: 15374.566 | AJ98: 6226.244 | AK98: 4574.201 | AL98: 23805.68 | AM98: 4847.139 | AN98: 15251.848 | AO98: 16872.898 | AP98: 21620.295 | AQ98: 24040.133 | AR98: 20941.496 | AS98: 11068.915 | AT98: 17588.309 | AU98: 18775.105 | AV98: 15730.87 | AW98: 12932.023 | AX98: 19866.025 | AY98: 11454.64 | AZ98: 16941.037 | BA98: 12533.854 | BB98: 17914.424 | BC98: 18213.279 | BD98: 15954.907 | BE98: 9436.038 | BF98: 6088.426 | BG98: 15581.753 | BH98: 4059.029 | BI98: 11251.139 | BJ98: 10842.908 | BK98: 15377.139 | BL98: 9084.38 | BM98: 21201.104 | BN98: 11513.159 | BO98: 8798.52 | BP98: 10461.986
A99: PC | B99: PC 36:1 | C99: 287159.97 | D99: 203853.17 | E99: 213892.75 | F99: 270694.28 | G99: 240524.53 | H99: 244747.16 | I99: 189665.3 | J99: 227649 | K99: 175993.78 | L99: 269055.38 | M99: 252976.98 | N99: 281543.25 | O99: 278789.09 | P99: 230173.48 | Q99: 218559.66 | R99: 233397.14 | S99: 277066.56 | T99: 244389.48 | U99: 315319.97 | V99: 270419.44 | W99: 329554.25 | X99: 174922.81 | Y99: 202349.73 | Z99: 198799.64 | AA99: 301073.09 | AB99: 339844.19 | AC99: 140996.77 | AD99: 234341.53 | AE99: 376180.25 | AF99: 119564.82 | AG99: 190100.83 | AH99: 301388.44 | AI99: 229947.28 | AJ99: 187353.94 | AK99: 115017.68 | AL99: 330111.28 | AM99: 161052.59 | AN99: 201395.2 | AO99: 245718.38 | AP99: 305765.84 | AQ99: 376218 | AR99: 386330.22 | AS99: 184175.22 | AT99: 245332.44 | AU99: 297255.66 | AV99: 226691.84 | AW99: 166516.34 | AX99: 292207.5 | AY99: 225455.75 | AZ99: 239144.14 | BA99: 242538.06 | BB99: 306766.5 | BC99: 324282.84 | BD99: 238811.02 | BE99: 125589.97 | BF99: 184504.59 | BG99: 254072.33 | BH99: 155292.06 | BI99: 270005.31 | BJ99: 187061.77 | BK99: 233958.39 | BL99: 116767.38 | BM99: 298990 | BN99: 199877.33 | BO99: 225994.41 | BP99: 117050.77
A100: PC | B100: PC 36:2 | C100: 859248.38 | D100: 698351.88 | E100: 640872.44 | F100: 772467.06 | G100: 615222.56 | H100: 829719 | I100: 678145.19 | J100: 782068.19 | K100: 632706.06 | L100: 661284.31 | M100: 621311.62 | N100: 777941.81 | O100: 887398.12 | P100: 559382.56 | Q100: 618506.38 | R100: 782950 | S100: 635062.19 | T100: 679954.25 | U100: 860245.12 | V100: 748102 | W100: 1068344.8 | X100: 639001.94 | Y100: 834274.5 | Z100: 619025.31 | AA100: 683042 | AB100: 867282.06 | AC100: 434032.31 | AD100: 961224 | AE100: 994367.19 | AF100: 380876 | AG100: 600333.44 | AH100: 774392.75 | AI100: 720007.06 | AJ100: 734724.56 | AK100: 474849.91 | AL100: 720818 | AM100: 593958.69 | AN100: 641447.69 | AO100: 638252.62 | AP100: 757543.25 | AQ100: 942071.81 | AR100: 845041.31 | AS100: 716943.62 | AT100: 701102.12 | AU100: 886810.44 | AV100: 661627.56 | AW100: 461405.5 | AX100: 619639.75 | AY100: 665732.75 | AZ100: 691699.5 | BA100: 757360.19 | BB100: 803767.94 | BC100: 745162.19 | BD100: 650195.25 | BE100: 485131.16 | BF100: 540355.31 | BG100: 645022.69 | BH100: 580170.31 | BI100: 652697.81 | BJ100: 610805.38 | BK100: 655501.5 | BL100: 419103.81 | BM100: 663292.81 | BN100: 605997.44 | BO100: 628576.94 | BP100: 397796.66
...

Sheet Données brutes NEG (Area)
A1: Internal Standard | C1: 084 | D1: 005 | E1: 029 | F1: 035 | G1: 030 | H1: 026 | I1: 021 | J1: 024 | K1: 023 | L1: 050 | M1: 022 | N1: 025 | O1: 032 | P1: 012 | Q1: 043 | R1: 048 | S1: 041 | T1: 047 | U1: 072 | V1: 076 | W1: 009 | X1: 078 | Y1: 077 | Z1: 069 | AA1: 096 | AB1: 051 | AC1: 040 | AD1: 002 | AE1: 017 | AF1: 093 | AG1: 073 | AH1: 071 | AI1: 008 | AJ1: 074 | AK1: 001 | AL1: 054 | AM1: 014 | AN1: 057 | AO1: 115 | AP1: 018 | AQ1: 064 | AR1: 061 | AS1: 066 | AT1: 065 | AU1: 015 | AV1: 068 | AW1: 010 | AX1: 007 | AY1: 053 | AZ1: 055 | BA1: 020 | BB1: 006 | BC1: 089 | BD1: 011 | BE1: 108 | BF1: 003 | BG1: 088 | BH1: 087 | BI1: 111 | BJ1: 004 | BK1: 062 | BL1: 059 | BM1: 113 | BN1: 105 | BO1: 102 | BP1: 101
A2: Famille | B2: Metabolite name | C2: 2200517ALG_global_neg01 | D2: 2200517ALG_global_neg02 | E2: 2200517ALG_global_neg03 | F2: 2200517ALG_global_neg04 | G2: 2200517ALG_global_neg05 | H2: 2200517ALG_global_neg06 | I2: 2200517ALG_global_neg07 | J2: 2200517ALG_global_neg08 | K2: 2200517ALG_global_neg09 | L2: 2200517ALG_global_neg10 | M2: 2200517ALG_global_neg11 | N2: 2200517ALG_global_neg12 | O2: 2200517ALG_global_neg13 | P2: 2200517ALG_global_neg14 | Q2: 2200517ALG_global_neg15 | R2: 2200517ALG_global_neg16 | S2: 2200517ALG_global_neg17 | T2: 2200517ALG_global_neg18 | U2: 2200517ALG_global_neg19 | V2: 2200517ALG_global_neg20 | W2: 2200517ALG_global_neg21 | X2: 2200517ALG_global_neg22 | Y2: 2200517ALG_global_neg23 | Z2: 2200517ALG_global_neg24 | AA2: 2200517ALG_global_neg25 | AB2: 2200517ALG_global_neg26 | AC2: 2200517ALG_global_neg27 | AD2: 2200517ALG_global_neg28 | AE2: 2200517ALG_global_neg29 | AF2: 2200517ALG_global_neg30 | AG2: 2200517ALG_global_neg31 | AH2: 2200517ALG_global_neg32 | AI2: 2200517ALG_global_neg33 | AJ2: 2200517ALG_global_neg34 | AK2: 2200517ALG_global_neg35 | AL2: 2200517ALG_global_neg36 | AM2: 2200517ALG_global_neg37 | AN2: 2200517ALG_global_neg38 | AO2: 2200517ALG_global_neg39 | AP2: 2200517ALG_global_neg40 | AQ2: 2200517ALG_global_neg41 | AR2: 2200517ALG_global_neg42 | AS2: 2200517ALG_global_neg43 | AT2: 2200517ALG_global_neg44 | AU2: 2200517ALG_global_neg45 | AV2: 2200517ALG_global_neg46 | AW2: 2200517ALG_global_neg47 | AX2: 2200517ALG_global_neg48 | AY2: 2200517ALG_global_neg49 | AZ2: 2200517ALG_global_neg50 | BA2: 2200517ALG_global_neg51 | BB2: 2200517ALG_global_neg52 | BC2: 2200517ALG_global_neg53 | BD2: 2200517ALG_global_neg54 | BE2: 2200517ALG_global_neg55 | BF2: 2200517ALG_global_neg56 | BG2: 2200517ALG_global_neg57 | BH2: 2200517ALG_global_neg58 | BI2: 2200517ALG_global_neg59 | BJ2: 2200517ALG_global_neg60 | BK2: 2200517ALG_global_neg61 | BL2: 2200517ALG_global_neg62 | BM2: 2200517ALG_global_neg63 | BN2: 2200517ALG_global_neg64 | BO2: 2200517ALG_global_neg65 | BP2: 2200517ALG_global_neg66
A3: FA | B3: FA 12:0 | C3: 2513.043 | D3: 2020.794 | E3: 2304.992 | F3: 2048.657 | G3: 2021.828 | H3: 1545.633 | I3: 2808.661 | J3: 2215.731 | K3: 1851.038 | L3: 1858.591 | M3: 1732.382 | N3: 2214.29 | O3: 1928.596 | P3: 1559.825 | Q3: 2133.594 | R3: 1587.927 | S3: 1810.826 | T3: 1815.216 | U3: 2335.441 | V3: 2522.031 | W3: 2350.435 | X3: 2243.33 | Y3: 2041.493 | Z3: 2507.661 | AA3: 2271.507 | AB3: 2781.16 | AC3: 3192.45 | AD3: 2716.328 | AE3: 3357.921 | AF3: 3486.045 | AG3: 3047.27 | AH3: 2550.266 | AI3: 2875.74 | AJ3: 2882.736 | AK3: 2341.568 | AL3: 2910.07 | AM3: 1502.919 | AN3: 3340.58 | AO3: 3614.482 | AP3: 3652.16 | AQ3: 2444.62 | AR3: 3318.305 | AS3: 2776.62 | AT3: 3378.379 | AU3: 2517.664 | AV3: 2315.527 | AW3: 3416.703 | AX3: 3474.647 | AY3: 3113.567 | AZ3: 2125.057 | BA3: 2448.798 | BB3: 3239.485 | BC3: 3844.245 | BD3: 2399.743 | BE3: 3306.33 | BF3: 3249.788 | BG3: 3291.081 | BH3: 3346.737 | BI3: 3406.291 | BJ3: 3354.345 | BK3: 2557.668 | BL3: 2195.481 | BM3: 3201.381 | BN3: 2930.284 | BO3: 3697.754 | BP3: 3153.216
A4: FA | B4: FA 14:0 | C4: 1880.733 | D4: 1251.627 | E4: 1222.291 | F4: 1324 | G4: 1658.193 | H4: 2045.7 | I4: 2947.362 | J4: 1842.86 | K4: 1231.695 | L4: 845.109 | M4: 2442.105 | N4: 1574.591 | O4: 1827.959 | P4: 1788.694 | Q4: 1937.518 | R4: 974.699 | S4: 1100.54 | T4: 765.35 | U4: 1205.709 | V4: 1276.792 | W4: 1708.239 | X4: 911.032 | Y4: 1103.868 | Z4: 1577.432 | AA4: 1188.063 | AB4: 2319.089 | AC4: 1867.662 | AD4: 1025.117 | AE4: 1296.283 | AF4: 2735.065 | AG4: 1535.971 | AH4: 1500.525 | AI4: 1270.518 | AJ4: 930.28 | AK4: 1261.85 | AL4: 2161.171 | AM4: 910.418 | AN4: 1709.35 | AO4: 4994.127 | AP4: 21466.195 | AQ4: 1555.1 | AR4: 1075.235 | AS4: 761.499 | AT4: 2449.138 | AU4: 1584.896 | AV4: 1844.765 | AW4: 3207.026 | AX4: 823.878 | AY4: 2172.392 | AZ4: 1828.305 | BA4: 3427.437 | BB4: 1718.368 | BC4: 3979.663 | BD4: 1582.527 | BE4: 1275.938 | BF4: 1577.969 | BG4: 1255.075 | BH4: 1626.584 | BI4: 1151.024 | BJ4: 2225.304 | BK4: 1036.63 | BL4: 1503.537 | BM4: 1611.058 | BN4: 1809.152 | BO4: 1189.147 | BP4: 2059.398
A5: FA | B5: FA 16:0 | C5: 58454.938 | D5: 35128.141 | E5: 33616.305 | F5: 37242.629 | G5: 43371.004 | H5: 41673.418 | I5: 63478.855 | J5: 49245.258 | K5: 42387.914 | L5: 23512.332 | M5: 46771.711 | N5: 36147.953 | O5: 51701.789 | P5: 36705.391 | Q5: 40525.32 | R5: 36896.91 | S5: 31314.842 | T5: 22414.146 | U5: 36344.965 | V5: 37302.602 | W5: 42695.602 | X5: 26131.449 | Y5: 34363.883 | Z5: 36998.391 | AA5: 38603.441 | AB5: 59843.109 | AC5: 40038.602 | AD5: 41749.547 | AE5: 29802.68 | AF5: 56585.305 | AG5: 40023.836 | AH5: 47328.949 | AI5: 29756.932 | AJ5: 29762.67 | AK5: 49887.262 | AL5: 48911.457 | AM5: 29775.686 | AN5: 46690.84 | AO5: 85684.844 | AP5: 206842.3 | AQ5: 50263.906 | AR5: 26811.711 | AS5: 28736.037 | AT5: 55364.836 | AU5: 35259.641 | AV5: 40437.703 | AW5: 52643.766 | AX5: 31491.469 | AY5: 58605.621 | AZ5: 41302.289 | BA5: 58480.113 | BB5: 35220.191 | BC5: 67333.391 | BD5: 30176.055 | BE5: 29605.814 | BF5: 41628.109 | BG5: 28179.637 | BH5: 49773.512 | BI5: 38967.547 | BJ5: 35405.652 | BK5: 23145.932 | BL5: 32390.592 | BM5: 41947.328 | BN5: 34701.422 | BO5: 34710.48 | BP5: 46558.176
A6: FA | B6: FA 16:1 | C6: 4447.67 | D6: 3100.607 | E6: 3404.504 | F6: 5153.616 | G6: 5261.229 | H6: 9419.031 | I6: 13347.061 | J6: 7977.4 | K6: 4494.363 | L6: 2904.984 | M6: 10744.052 | N6: 6208.267 | O6: 4834.459 | P6: 4559.112 | Q6: 11582.223 | R6: 2419.56 | S6: 2621.983 | T6: 1963.829 | U6: 2880.651 | V6: 5593.192 | W6: 5768.241 | X6: 2133.912 | Y6: 3154.105 | Z6: 4622.903 | AA6: 3753.943 | AB6: 7265.975 | AC6: 4363.007 | AD6: 3482.62 | AE6: 3583.109 | AF6: 15522.403 | AG6: 6044.398 | AH6: 4065.837 | AI6: 3505.386 | AJ6: 3002.985 | AK6: 3689.892 | AL6: 10943.615 | AM6: 1453.15 | AN6: 2693.2 | AO6: 21354.516 | AP6: 42882.387 | AQ6: 3146.719 | AR6: 2398.199 | AS6: 2093.629 | AT6: 7992.612 | AU6: 5591.356 | AV6: 5324.282 | AW6: 17691.836 | AX6: 3859.787 | AY6: 8175.976 | AZ6: 3390.206 | BA6: 6887.399 | BB6: 5173.213 | BC6: 12746.826 | BD6: 4449.636 | BE6: 4148.299 | BF6: 5441.067 | BG6: 4736.851 | BH6: 8171.54 | BI6: 5210.514 | BJ6: 10579.284 | BK6: 2827.358 | BL6: 8206.877 | BM6: 6055.411 | BN6: 4809.316 | BO6: 2377.414 | BP6: 7975.205
A7: FA | B7: FA 17:0 | C7: 62246.836 | D7: 55742.957 | E7: 54333.496 | F7: 56833.703 | G7: 59176.945 | H7: 66723.922 | I7: 62922.188 | J7: 52868.34 | K7: 56741.07 | L7: 57460.996 | M7: 50116.734 | N7: 51183.645 | O7: 58296.445 | P7: 48933.535 | Q7: 54225.09 | R7: 45084.918 | S7: 57677.566 | T7: 59017.93 | U7: 62622.773 | V7: 54755.824 | W7: 52015.539 | X7: 49255.707 | Y7: 43587.113 | Z7: 49409.121 | AA7: 57208.113 | AB7: 58560.305 | AC7: 51082.188 | AD7: 53623.336 | AE7: 63512.82 | AF7: 66742.664 | AG7: 63606.121 | AH7: 51633.84 | AI7: 74482.586 | AJ7: 62069.184 | AK7: 69998.32 | AL7: 54287.414 | AM7: 37747.164 | AN7: 76655.141 | AO7: 68053.016 | AP7: 73232.406 | AQ7: 67336.453 | AR7: 65228.262 | AS7: 65611.109 | AT7: 71259.938 | AU7: 62183.469 | AV7: 72066.953 | AW7: 65139.297 | AX7: 72553.508 | AY7: 63971.895 | AZ7: 64634.891 | BA7: 63174.688 | BB7: 68850.68 | BC7: 72739.664 | BD7: 73649.578 | BE7: 67371.445 | BF7: 65504.566 | BG7: 70601.547 | BH7: 75597.758 | BI7: 73965.094 | BJ7: 76886.961 | BK7: 51253.855 | BL7: 46898.402 | BM7: 67712.711 | BN7: 67052.906 | BO7: 68519.531 | BP7: 75696.836
A8: FA | B8: FA 18:0 | C8: 49990.52 | D8: 31541.623 | E8: 32710.871 | F8: 29542.127 | G8: 37263.918 | H8: 36647.902 | I8: 37713.82 | J8: 41692.539 | K8: 29233.543 | L8: 19704.701 | M8: 25715.963 | N8: 26277.344 | O8: 38476.055 | P8: 26589.504 | Q8: 32033.832 | R8: 30334.123 | S8: 26513.74 | T8: 16598.014 | U8: 29599.771 | V8: 28158.783 | W8: 39441.219 | X8: 23166.832 | Y8: 23498.277 | Z8: 28770.324 | AA8: 27432.904 | AB8: 41450.891 | AC8: 30088.965 | AD8: 29052.104 | AE8: 22467.533 | AF8: 38669.07 | AG8: 29062.326 | AH8: 40870.305 | AI8: 21443.391 | AJ8: 22643.818 | AK8: 32080.773 | AL8: 28992.93 | AM8: 25921.48 | AN8: 34947.012 | AO8: 41287.828 | AP8: 1011809.1 | AQ8: 33628.922 | AR8: 24027.523 | AS8: 19796.498 | AT8: 39883.66 | AU8: 22798.805 | AV8: 39645.289 | AW8: 34499.953 | AX8: 19599.15 | AY8: 42962.219 | AZ8: 34159.484 | BA8: 45289.125 | BB8: 26922.783 | BC8: 49150.121 | BD8: 23472.734 | BE8: 20266.656 | BF8: 27911.037 | BG8: 25525.648 | BH8: 36775.945 | BI8: 32321.494 | BJ8: 39435.988 | BK8: 15682.432 | BL8: 24051.918 | BM8: 31608.303 | BN8: 35626.621 | BO8: 25967.904 | BP8: 35923.719
A9: FA | B9: FA 18:1 | C9: 202036.5 | D9: 80254.563 | E9: 63095.98 | F9: 75164.672 | G9: 128805.19 | H9: 109851.62 | I9: 155977.78 | J9: 106264.76 | K9: 97567.203 | L9: 43516.816 | M9: 124134.45 | N9: 63726.508 | O9: 135376.44 | P9: 75895.594 | Q9: 108806.63 | R9: 67892.258 | S9: 57800.98 | T9: 40129.188 | U9: 61881.988 | V9: 61000.391 | W9: 78131.555 | X9: 47397.172 | Y9: 53766.82 | Z9: 88015.211 | AA9: 72491.539 | AB9: 139274.2 | AC9: 77321.32 | AD9: 111279.95 | AE9: 61585.992 | AF9: 154707.92 | AG9: 94737.547 | AH9: 95434.938 | AI9: 64191.414 | AJ9: 58246.613 | AK9: 88736.5 | AL9: 106882.41 | AM9: 35289.992 | AN9: 69476.477 | AO9: 213127.72 | AP9: 439799.66 | AQ9: 87521.938 | AR9: 41524.043 | AS9: 36236.184 | AT9: 141296.45 | AU9: 81195.664 | AV9: 114090.49 | AW9: 143803.06 | AX9: 95212.516 | AY9: 137950.8 | AZ9: 95047.422 | BA9: 155583.22 | BB9: 89755.977 | BC9: 180666.72 | BD9: 69357.492 | BE9: 54779.215 | BF9: 92193.555 | BG9: 88139.109 | BH9: 123352.28 | BI9: 101256.53 | BJ9: 116904.05 | BK9: 30886.529 | BL9: 98367.664 | BM9: 100021.85 | BN9: 92578.781 | BO9: 66302.195 | BP9: 111101.39
A10: FA | B10: FA 18:2 | C10: 37576.391 | D10: 22262.752 | E10: 23795.479 | F10: 26021.219 | G10: 24088.119 | H10: 28361.895 | I10: 38857.332 | J10: 43000.77 | K10: 37156.098 | L10: 14886.112 | M10: 40322.914 | N10: 18293.205 | O10: 40635.922 | P10: 24504.115 | Q10: 30690.371 | R10: 38315.871 | S10: 19797.143 | T10: 10809.144 | U10: 22177.594 | V10: 18863.086 | W10: 32987.867 | X10: 23126.307 | Y10: 31718.879 | Z10: 23911.684 | AA10: 19042.357 | AB10: 33406.629 | AC10: 18185.961 | AD10: 51895.469 | AE10: 19845.086 | AF10: 44100.078 | AG10: 21978.512 | AH10: 29923.238 | AI10: 23473.785 | AJ10: 28654.262 | AK10: 37736.305 | AL10: 22323.879 | AM10: 17749.574 | AN10: 26448.5 | AO10: 40515.438 | AP10: 261411.78 | AQ10: 41118.266 | AR10: 16023.263 | AS10: 29277.244 | AT10: 36332.699 | AU10: 24785.422 | AV10: 32161.199 | AW10: 26209.523 | AX10: 26063.447 | AY10: 61916.152 | AZ10: 24110.225 | BA10: 37114.031 | BB10: 29318.189 | BC10: 48879.328 | BD10: 20587.598 | BE10: 18506.631 | BF10: 19468.908 | BG10: 15146.322 | BH10: 76982.352 | BI10: 24127.039 | BJ10: 35063.332 | BK10: 12734.827 | BL10: 20349.322 | BM10: 22181.148 | BN10: 25459.707 | BO10: 14997.739 | BP10: 27630.781
A11: FA | B11: FA 18:3 | C11: 3044.063 | D11: 1027.375 | E11: 1015.813 | F11: 1359.271 | G11: 1397.317 | H11: 2181.484 | I11: 3022.823 | J11: 1841.454 | K11: 2224.619 | L11: 754.389 | M11: 2759.908 | N11: 1243.528 | O11: 2882.595 | P11: 2685.536 | Q11: 2257.635 | R11: 1701.275 | S11: 1231.934 | T11: NQ | U11: 1552.422 | V11: 1013.345 | W11: 2086.516 | X11: 942.964 | Y11: 1238.899 | Z11: 1492.997 | AA11: 800.333 | AB11: 2605.422 | AC11: 1158.235 | AD11: 3529.831 | AE11: 2276.164 | AF11: 2503.664 | AG11: 1405.086 | AH11: 1353.114 | AI11: 1216.131 | AJ11: 1330.811 | AK11: 2540.883 | AL11: 1795.824 | AM11: 733.46 | AN11: 1260.451 | AO11: 3192.565 | AP11: 29052.432 | AQ11: 1559.856 | AR11: 1012.597 | AS11: 1458.188 | AT11: 4662.763 | AU11: 1553.491 | AV11: 3163.93 | AW11: 1574.901 | AX11: 1635.4 | AY11: 3462.448 | AZ11: 1211.978 | BA11: 3241.68 | BB11: 1989.732 | BC11: 3592.354 | BD11: 1825.819 | BE11: 1554.576 | BF11: 1254.444 | BG11: 665.832 | BH11: 3206.319 | BI11: 1652.32 | BJ11: 2069.562 | BK11: 672.898 | BL11: 1931.039 | BM11: 1889.802 | BN11: 2085.773 | BO11: 733.502 | BP11: 2401.866
A12: FA | B12: FA 20:1 | C12: 2764.833 | D12: 1152.056 | E12: 797.409 | F12: 873.021 | G12: 1390.422 | H12: 1426.053 | I12: 1840.793 | J12: 1793.218 | K12: 1064.775 | L12: 595.589 | M12: 1438.766 | N12: 862.869 | O12: 1558.318 | P12: 950.063 | Q12: 1365.857 | R12: 1002.786 | S12: 885.514 | T12: NQ | U12: 648.535 | V12: 785.411 | W12: 901.363 | X12: 670.948 | Y12: 638.169 | Z12: 1155.267 | AA12: 1130.582 | AB12: 1926.554 | AC12: 676.905 | AD12: 1149.208 | AE12: 734.675 | AF12: 1590.902 | AG12: 1626.962 | AH12: 1190.307 | AI12: 602.011 | AJ12: 541.486 | AK12: 818.185 | AL12: 1275.299 | AM12: 531.371 | AN12: 853.597 | AO12: 2293.354 | AP12: 8858.726 | AQ12: 1371.778 | AR12: 603.148 | AS12: 448.175 | AT12: 1809.516 | AU12: 822.668 | AV12: 1407.872 | AW12: 2441.741 | AX12: 670.915 | AY12: 1414.25 | AZ12: 1296.462 | BA12: 1259.231 | BB12: 901.251 | BC12: 2249.445 | BD12: 747.468 | BE12: 694.857 | BF12: 973.042 | BG12: 1167.557 | BH12: 1174.761 | BI12: 2307.97 | BJ12: 1497.948 | BK12: 490.157 | BL12: 1336.084 | BM12: 1129.235 | BN12: 1296.262 | BO12: 911.296 | BP12: 1018.438
A13: FA | B13: FA 20:4 | C13: 2578.391 | D13: 1440.017 | E13: 9389.894 | F13: 7181.403 | G13: 2489.401 | H13: 2064.972 | I13: 2980.591 | J13: 2940.165 | K13: 3290.588 | L13: 2264.213 | M13: 3493.706 | N13: 6482.02 | O13: 6872.504 | P13: 2479.714 | Q13: 5809.621 | R13: 8457.522 | S13: 5601.038 | T13: 2165.923 | U13: 8912.27 | V13: 6360.604 | W13: 4871.936 | X13: 3088.045 | Y13: 3041.517 | Z13: 2330.289 | AA13: 7143.983 | AB13: 4728.696 | AC13: 2668.279 | AD13: 5171.408 | AE13: 3701.59 | AF13: 7750.284 | AG13: 2874.31 | AH13: 9578.529 | AI13: 3676.109 | AJ13: 1917.772 | AK13: 5569.317 | AL13: 3795.303 | AM13: 6046.222 | AN13: 3153.157 | AO13: 8235.042 | AP13: 7603.964 | AQ13: 4611.62 | AR13: 4632.037 | AS13: 2661.258 | AT13: 2723.237 | AU13: 2886.138 | AV13: 4023.587 | AW13: 3545.632 | AX13: 3667.298 | AY13: 8999.223 | AZ13: 3846.463 | BA13: 2858.148 | BB13: 3460.301 | BC13: 2693.305 | BD13: 958.651 | BE13: 1466.009 | BF13: 1697.091 | BG13: 646.837 | BH13: 5195.26 | BI13: 2541.696 | BJ13: 2608.38 | BK13: 3718.614 | BL13: 3796.006 | BM13: 924.29 | BN13: 1306.645 | BO13: 810.151 | BP13: 4320.261
A14: FA | B14: FA 22:6 | C14: 1365.403 | D14: 1507.409 | E14: 6160.561 | F14: 4341.053 | G14: 1755.087 | H14: 1991.194 | I14: 1964.458 | J14: 1424.079 | K14: 1599.715 | L14: 1977.403 | M14: 3373.006 | N14: 3734.099 | O14: 5681.52 | P14: 2156.157 | Q14: 3133.702 | R14: 5778.6 | S14: 7717.42 | T14: 1241.339 | U14: 3943.31 | V14: 3174.931 | W14: 3915.41 | X14: 3412.889 | Y14: 1944.456 | Z14: 1504.283 | AA14: 3330.463 | AB14: 3537.441 | AC14: 1937.91 | AD14: 1480.232 | AE14: 1986.647 | AF14: 3837.926 | AG14: 3285.36 | AH14: 6799.275 | AI14: 4398.051 | AJ14: 1187.477 | AK14: 2791.01 | AL14: 1946.304 | AM14: 3666.033 | AN14: 2161.335 | AO14: 6193.842 | AP14: 7456.594 | AQ14: 4059.7 | AR14: 4913.482 | AS14: 1444.431 | AT14: 1912.692 | AU14: 1770.801 | AV14: 2023.039 | AW14: 1539.717 | AX14: 2444.525 | AY14: 3316.896 | AZ14: 2710.359 | BA14: 2590.915 | BB14: 2341.62 | BC14: 3145.081 | BD14: 1074.029 | BE14: 1273.168 | BF14: 1538.021 | BG14: 1151.341 | BH14: 3751.406 | BI14: 2967.595 | BJ14: 1454.877 | BK14: 2156.45 | BL14: 2162.114 | BM14: 942.919 | BN14: 999.286 | BO14: 1143.398 | BP14: 3067.931
A15: PG | B15: PG 24:0 | C15: 7778.638 | D15: 7041.462 | E15: 7695.833 | F15: 7160.53 | G15: 6998.261 | H15: 7578.486 | I15: 7683.07 | J15: 6513.699 | K15: 7561.002 | L15: 8080.104 | M15: 6443.787 | N15: 7093.619 | O15: 7291.654 | P15: 6849.869 | Q15: 7393.809 | R15: 5933.902 | S15: 7649.052 | T15: 6811.847 | U15: 8648.724 | V15: 7334.575 | W15: 7162.254 | X15: 6354.642 | Y15: 6117.308 | Z15: 6534.374 | AA15: 7460.778 | AB15: 8157.706 | AC15: 6304.45 | AD15: 7083.397 | AE15: 8465.672 | AF15: 8228.156 | AG15: 7834.43 | AH15: 6704.044 | AI15: 9572.486 | AJ15: 7382.168 | AK15: 8277.28 | AL15: 7907.236 | AM15: 5746.483 | AN15: 9375.859 | AO15: 7907.963 | AP15: 8230.823 | AQ15: 9070.316 | AR15: 8021.698 | AS15: 7542.927 | AT15: 7709.304 | AU15: 7969.839 | AV15: 8059.871 | AW15: 7875.139 | AX15: 7974.249 | AY15: 7571.808 | AZ15: 7559.245 | BA15: 7336.336 | BB15: 7819.294 | BC15: 8638.208 | BD15: 8873.256 | BE15: 7911.688 | BF15: 8248.175 | BG15: 9023.282 | BH15: 8366.069 | BI15: 9025.523 | BJ15: 8223.418 | BK15: 6813.132 | BL15: 5892.049 | BM15: 7824.876 | BN15: 6795.223 | BO15: 8073.994 | BP15: 8076.865
A16: PI | B16: PI 34:1 | C16: 1738.449 | D16: 672.504 | E16: 752.236 | F16: 1381.919 | G16: 1110.749 | H16: 752.185 | I16: 627.446 | J16: 910.803 | K16: 457.114 | L16: 620.65 | M16: 1288.945 | N16: 691.709 | O16: 785.481 | P16: 471.401 | Q16: 795.868 | R16: 555.698 | S16: 635.605 | T16: 425.76 | U16: 674.62 | V16: 1024.339 | W16: 586.183 | X16: 367.795 | Y16: 409.493 | Z16: 446.453 | AA16: 1179.476 | AB16: 954.056 | AC16: 510.879 | AD16: 349.289 | AE16: 654.686 | AF16: 1217.283 | AG16: 783.112 | AH16: 1108.169 | AI16: 523.68 | AJ16: 251.03 | AK16: 614.455 | AL16: 961.908 | AM16: 607.759 | AN16: 842.057 | AO16: 1105.303 | AP16: 842.103 | AQ16: 1921.603 | AR16: 1619.435 | AS16: 376.279 | AT16: 495.807 | AU16: 1070.481 | AV16: 1180.127 | AW16: 1491.449 | AX16: 904.487 | AY16: 1179.728 | AZ16: 1005.25 | BA16: 1036.53 | BB16: 1114.945 | BC16: 1692.826 | BD16: 1224.724 | BE16: 468.027 | BF16: 932.028 | BG16: 626.99 | BH16: 398.761 | BI16: 1391.417 | BJ16: 986.488 | BK16: 1039.036 | BL16: 348.885 | BM16: 897.14 | BN16: 717.588 | BO16: 797.82 | BP16: 377.201
A17: PI | B17: PI 34:2 | C17: 1192.752 | D17: 559.604 | E17: 627.332 | F17: 934.808 | G17: 639.45 | H17: 459.681 | I17: 387.426 | J17: 1059.244 | K17: 591.36 | L17: 430.068 | M17: 856.081 | N17: 402.633 | O17: 801.434 | P17: 288.742 | Q17: 526.643 | R17: 804.375 | S17: 557.364 | T17: 268.908 | U17: 323.908 | V17: 455.903 | W17: 605.514 | X17: 357.68 | Y17: 468.327 | Z17: 294.908 | AA17: 667.881 | AB17: 538.857 | AC17: 383.728 | AD17: 707.802 | AE17: 363.843 | AF17: 703.244 | AG17: 518.467 | AH17: 760.065 | AI17: 443.717 | AJ17: 255.983 | AK17: 854.462 | AL17: 455.023 | AM17: 492.592 | AN17: 726.128 | AO17: 739.847 | AP17: 418.898 | AQ17: 2709.865 | AR17: 742.961 | AS17: 617.601 | AT17: 397.988 | AU17: 640.211 | AV17: 571.469 | AW17: 445.121 | AX17: 716.269 | AY17: 1315.744 | AZ17: 704.457 | BA17: 882.282 | BB17: 565.185 | BC17: 1003.074 | BD17: 896.578 | BE17: 341.957 | BF17: 476.184 | BG17: 263.806 | BH17: 777.468 | BI17: 823.983 | BJ17: 627.76 | BK17: 577.437 | BL17: 212.661 | BM17: 484.599 | BN17: 721.153 | BO17: 533.698 | BP17: 252.351
A18: PI | B18: PI 36:1 | C18: 1809.327 | D18: 773.911 | E18: 844.037 | F18: 1167.062 | G18: 1142.601 | H18: 838.917 | I18: 646.925 | J18: 1267.535 | K18: 586.555 | L18: 797.705 | M18: 816.407 | N18: 561.946 | O18: 872.734 | P18: 693.256 | Q18: 754.905 | R18: 713.24 | S18: 789.1 | T18: 519.432 | U18: 829.35 | V18: 1036.392 | W18: 751.922 | X18: 448.812 | Y18: 476.224 | Z18: 558.326 | AA18: 1097.731 | AB18: 1463.919 | AC18: 477.703 | AD18: 572.544 | AE18: 1033.293 | AF18: 992.937 | AG18: 983.041 | AH18: 1356.53 | AI18: 851.969 | AJ18: 353.424 | AK18: 767.979 | AL18: 905.741 | AM18: 666.892 | AN18: 896.998 | AO18: 969.994 | AP18: 1049.893 | AQ18: 3023.238 | AR18: 1886.237 | AS18: 562.842 | AT18: 584.819 | AU18: 1599.048 | AV18: 1314.603 | AW18: 1314.514 | AX18: 729.089 | AY18: 1538.39 | AZ18: 1233.328 | BA18: 923.798 | BB18: 1225.148 | BC18: 1430.717 | BD18: 952.488 | BE18: 544.279 | BF18: 939.27 | BG18: 908.391 | BH18: 699.126 | BI18: 1531.459 | BJ18: 1186.409 | BK18: 836.466 | BL18: 339.633 | BM18: 844.009 | BN18: 586.081 | BO18: 732.562 | BP18: 467.831
A19: PI | B19: PI 36:2 | C19: 5139.914 | D19: 2545.513 | E19: 2718.732 | F19: 3635.052 | G19: 3023.744 | H19: 2728.685 | I19: 1465.243 | J19: 5401.389 | K19: 2559.618 | L19: 2308.822 | M19: 2239.132 | N19: 1486.536 | O19: 3277.314 | P19: 1564.946 | Q19: 2574.871 | R19: 2959.64 | S19: 2862.698 | T19: 1239.592 | U19: 1547.25 | V19: 2682.836 | W19: 2925.104 | X19: 1746.338 | Y19: 2139.662 | Z19: 1064.317 | AA19: 2932.178 | AB19: 3762.137 | AC19: 1407.77 | AD19: 3126.946 | AE19: 2275.498 | AF19: 2889.772 | AG19: 3337.052 | AH19: 4180.841 | AI19: 3272.38 | AJ19: 1456.918 | AK19: 3637.058 | AL19: 2076.11 | AM19: 2176.673 | AN19: 3177.586 | AO19: 2432.112 | AP19: 2894.735 | AQ19: 13128.129 | AR19: 3656.006 | AS19: 2877.062 | AT19: 1663.522 | AU19: 3623.218 | AV19: 2824.668 | AW19: 2796.404 | AX19: 2555.222 | AY19: 6268.492 | AZ19: 3884.499 | BA19: 3211.692 | BB19: 2609.212 | BC19: 3460.621 | BD19: 3001.436 | BE19: 1576.169 | BF19: 2662.088 | BG19: 1973.316 | BH19: 4380.119 | BI19: 4056.24 | BJ19: 3996.979 | BK19: 1742.352 | BL19: 885.148 | BM19: 1922.754 | BN19: 2205.961 | BO19: 2165.868 | BP19: 1532.105
A20: PI | B20: PI 36:4 | C20: 543.336 | D20: 309.634 | E20: 615.283 | F20: 459.866 | G20: 442.691 | H20: 356.573 | I20: 509.249 | J20: 523.243 | K20: 509.961 | L20: 274.935 | M20: 470.372 | N20: 444.833 | O20: 516.231 | P20: 311.894 | Q20: 473.412 | R20: 406.703 | S20: 356.952 | T20: 226.118 | U20: 755.032 | V20: 393.468 | W20: 603.358 | X20: 204.014 | Y20: 470.64 | Z20: 256.782 | AA20: 842.393 | AB20: 610.115 | AC20: 273.542 | AD20: 454.022 | AE20: 440.3 | AF20: 453.737 | AG20: 405.473 | AH20: 762.921 | AI20: 379.036 | AJ20: 201.75 | AK20: 355.203 | AL20: 899.448 | AM20: 277.118 | AN20: 367.732 | AO20: 1791.582 | AP20: 634.49 | AQ20: 1580.515 | AR20: 796.207 | AS20: 426.171 | AT20: 671.051 | AU20: 851.783 | AV20: 531.137 | AW20: 1041.587 | AX20: 397.363 | AY20: 867.217 | AZ20: 423.346 | BA20: 902.939 | BB20: 697.968 | BC20: 1158.045 | BD20: 508.66 | BE20: 192.57 | BF20: 291.25 | BG20: 607.7 | BH20: 245.775 | BI20: 561.355 | BJ20: 338.466 | BK20: 1039.904 | BL20: 329.527 | BM20: 1052.966 | BN20: 335.148 | BO20: 448.597 | BP20: 378.56
A21: PI | B21: PI 38:3 | C21: 1861.499 | D21: 1011.404 | E21: 1623.635 | F21: 1470.41 | G21: 1720.197 | H21: 1534.703 | I21: 1255.988 | J21: 3181.937 | K21: 1429.671 | L21: 823.332 | M21: 1146.36 | N21: 1903.99 | O21: 2195.24 | P21: 882.344 | Q21: 1560.178 | R21: 1001.699 | S21: 1249.903 | T21: 573.774 | U21: 2907.48 | V21: 1244.082 | W21: 1638.671 | X21: 582.33 | Y21: 1243.606 | Z21: 1080.506 | AA21: 2047.408 | AB21: 2676.569 | AC21: 829.639 | AD21: 1186.34 | AE21: 1954.257 | AF21: 1529.959 | AG21: 1777.667 | AH21: 2221.13 | AI21: 2410.924 | AJ21: 917.73 | AK21: 1182.017 | AL21: 2449.938 | AM21: 905.039 | AN21: 1210.369 | AO21: 3700.727 | AP21: 4757.146 | AQ21: 6015.792 | AR21: 5327.023 | AS21: 1136.214 | AT21: 2123.412 | AU21: 4703.379 | AV21: 2664.713 | AW21: 4663.249 | AX21: 1050.754 | AY21: 2388.202 | AZ21: 1594.356 | BA21: 3258.664 | BB21: 2369.444 | BC21: 3392.736 | BD21: 1215.622 | BE21: 814.891 | BF21: 1305.733 | BG21: 2176.344 | BH21: 970.649 | BI21: 2116.346 | BJ21: 1823.629 | BK21: 3700.182 | BL21: 1274.915 | BM21: 4444.657 | BN21: 1690.295 | BO21: 1257.503 | BP21: 1331.95
A22: PI | B22: PI 38:4 | C22: 9465.951 | D22: 5542.374 | E22: 9807.663 | F22: 8400.467 | G22: 7832.664 | H22: 8169.339 | I22: 7955.207 | J22: 16539.857 | K22: 8761.493 | L22: 5038.04 | M22: 5385.794 | N22: 8854.354 | O22: 9841.94 | P22: 5812.441 | Q22: 9673.425 | R22: 6394.169 | S22: 6961.318 | T22: 3594.259 | U22: 13736.278 | V22: 7070.323 | W22: 9200.791 | X22: 2832.373 | Y22: 6832.937 | Z22: 5403.616 | AA22: 11877.927 | AB22: 12227.032 | AC22: 4982.024 | AD22: 6868.5 | AE22: 8237.396 | AF22: 8652.182 | AG22: 10086.312 | AH22: 11687.333 | AI22: 11378.293 | AJ22: 5027.271 | AK22: 7206.017 | AL22: 12360.171 | AM22: 4692.119 | AN22: 6360.484 | AO22: 21183.656 | AP22: 23357.877 | AQ22: 25841.275 | AR22: 15613.791 | AS22: 6649.048 | AT22: 12411.676 | AU22: 16491.596 | AV22: 11202.538 | AW22: 19241.027 | AX22: 5871.977 | AY22: 15025.241 | AZ22: 8446.068 | BA22: 14913.083 | BB22: 12170.35 | BC22: 14091.796 | BD22: 6321.631 | BE22: 4181.079 | BF22: 6434.653 | BG22: 12552.079 | BH22: 5874.367 | BI22: 8890.376 | BJ22: 8322.514 | BK22: 12628.801 | BL22: 6946.293 | BM22: 14440.328 | BN22: 8102.068 | BO22: 6271.322 | BP22: 8818.417
A23: PI | B23: PI(15:0-18:1)d7 | C23: 1968.415 | D23: 1773.488 | E23: 1868.152 | F23: 1819.946 | G23: 1859.942 | H23: 1904.17 | I23: 1904.806 | J23: 1815.791 | K23: 1919.307 | L23: 2092.968 | M23: 1616.62 | N23: 1809.181 | O23: 1806.879 | P23: 1690.613 | Q23: 1952.321 | R23: 1532.092 | S23: 2090.439 | T23: 1834.506 | U23: 2370.205 | V23: 1926.621 | W23: 1842.391 | X23: 1595.419 | Y23: 1539.917 | Z23: 1592.793 | AA23: 1953.047 | AB23: 2232.803 | AC23: 1485.992 | AD23: 1874.164 | AE23: 2279.746 | AF23: 2018.386 | AG23: 2067.186 | AH23: 1779.597 | AI23: 2663.612 | AJ23: 1870.015 | AK23: 2255.082 | AL23: 2122.366 | AM23: 1599.774 | AN23: 2455.032 | AO23: 2035.853 | AP23: 2031.848 | AQ23: 2374.433 | AR23: 2123.856 | AS23: 1949.434 | AT23: 2086.258 | AU23: 2193.144 | AV23: 2224.85 | AW23: 2148.301 | AX23: 2332.579 | AY23: 2266.227 | AZ23: 2201.574 | BA23: 2160.526 | BB23: 2252.642 | BC23: 2494.191 | BD23: 2668.135 | BE23: 2292.131 | BF23: 2420.126 | BG23: 2692.917 | BH23: 2424.558 | BI23: 2610.161 | BJ23: 2397.321 | BK23: 1866.077 | BL23: 1652.648 | BM23: 2210.788 | BN23: 1876.309 | BO23: 2279.648 | BP23: 2369.136
A24: PS | B24: PS 24:0 | C24: 2593.973 | D24: 2769.243 | E24: 2665.803 | F24: 2355.451 | G24: 2535.763 | H24: 2104.353 | I24: 2524.861 | J24: 1922.711 | K24: 2521.383 | L24: 2996.116 | M24: 2362.991 | N24: 2267.846 | O24: 2369.676 | P24: 2323.643 | Q24: 2517.873 | R24: 2005.311 | S24: 2569.898 | T24: 2354.865 | U24: 2851.427 | V24: 2733.566 | W24: 2676.907 | X24: 2293.609 | Y24: 2367.582 | Z24: 2488.146 | AA24: 2444.486 | AB24: 2925.698 | AC24: 2775.771 | AD24: 2591.609 | AE24: 2999.765 | AF24: 3021.974 | AG24: 2815.081 | AH24: 2352.228 | AI24: 3445.168 | AJ24: 2508.17 | AK24: 3181.896 | AL24: 3298.386 | AM24: 1944.948 | AN24: 3720.088 | AO24: 2993.401 | AP24: 2292.188 | AQ24: 3227.093 | AR24: 2932.141 | AS24: 2759.797 | AT24: 2958.852 | AU24: 2830.035 | AV24: 3062.989 | AW24: 2981.79 | AX24: 3295.931 | AY24: 3077.014 | AZ24: 3008.057 | BA24: 2847.724 | BB24: 3117.2 | BC24: 4123.087 | BD24: 3898.098 | BE24: 3371.751 | BF24: 3955.762 | BG24: 4247.919 | BH24: 3937.752 | BI24: 3792.449 | BJ24: 3384.819 | BK24: 3027.401 | BL24: 2745.04 | BM24: 2905.296 | BN24: 2499.913 | BO24: 3441.581 | BP24: 3598.149

Sheet Abondance relative POS
A1: ( Area of metabolites / Area of Internal Standard ) x quantity of Internal standard | D1: 084 | E1: 005 | F1: 029 | G1: 035 | H1: 030 | I1: 026 | J1: 021 | K1: 024 | L1: 023 | M1: 050 | N1: 022 | O1: 025 | P1: 032 | Q1: 012 | R1: 043 | S1: 048 | T1: 041 | U1: 047 | V1: 072 | W1: 076 | X1: 009 | Y1: 078 | Z1: 077 | AA1: 069 | AB1: 096 | AC1: 051 | AD1: 040 | AE1: 002 | AF1: 017 | AG1: 093 | AH1: 073 | AI1: 071 | AJ1: 008 | AK1: 074 | AL1: 001 | AM1: 054 | AN1: 014 | AO1: 057 | AP1: 115 | AQ1: 018 | AR1: 064 | AS1: 061 | AT1: 066 | AU1: 065 | AV1: 015 | AW1: 068 | AX1: 010 | AY1: 007 | AZ1: 053 | BA1: 055 | BB1: 020 | BC1: 006 | BD1: 089 | BE1: 011 | BF1: 108 | BG1: 003 | BH1: 088 | BI1: 087 | BJ1: 111 | BK1: 004 | BL1: 062 | BM1: 059 | BN1: 113 | BO1: 105 | BP1: 102 | BQ1: 101
A2: Famille | B2: Metabolite name | C2: Internal Standard | D2: 2200517ALG_global_pos01b | E2: 2200517ALG_global_pos02b | F2: 2200517ALG_global_pos03b | G2: 2200517ALG_global_pos04b | H2: 2200517ALG_global_pos05b | I2: 2200517ALG_global_pos06b | J2: 2200517ALG_global_pos07b | K2: 2200517ALG_global_pos08b | L2: 2200517ALG_global_pos09b | M2: 2200517ALG_global_pos10b | N2: 2200517ALG_global_pos11b | O2: 2200517ALG_global_pos12b | P2: 2200517ALG_global_pos13b | Q2: 2200517ALG_global_pos14b | R2: 2200517ALG_global_pos15b | S2: 2200517ALG_global_pos16b | T2: 2200517ALG_global_pos17b | U2: 2200517ALG_global_pos18b | V2: 2200517ALG_global_pos19b | W2: 2200517ALG_global_pos20b | X2: 2200517ALG_global_pos21b | Y2: 2200517ALG_global_pos22b | Z2: 2200517ALG_global_pos23b | AA2: 2200517ALG_global_pos24b | AB2: 2200517ALG_global_pos25b | AC2: 2200517ALG_global_pos26b | AD2: 2200517ALG_global_pos27b | AE2: 2200517ALG_global_pos28b | AF2: 2200517ALG_global_pos29b | AG2: 2200517ALG_global_pos30b | AH2: 2200517ALG_global_pos31b | AI2: 2200517ALG_global_pos32b | AJ2: 2200517ALG_global_pos33b | AK2: 2200517ALG_global_pos34b | AL2: 2200517ALG_global_pos35b | AM2: 2200517ALG_global_pos36b | AN2: 2200517ALG_global_pos37b | AO2: 2200517ALG_global_pos38b | AP2: 2200517ALG_global_pos39b | AQ2: 2200517ALG_global_pos40b | AR2: 2200517ALG_global_pos41b | AS2: 2200517ALG_global_pos42b | AT2: 2200517ALG_global_pos43b | AU2: 2200517ALG_global_pos44b | AV2: 2200517ALG_global_pos45b | AW2: 2200517ALG_global_pos46b | AX2: 2200517ALG_global_pos47b | AY2: 2200517ALG_global_pos48b | AZ2: 2200517ALG_global_pos49b | BA2: 2200517ALG_global_pos50b | BB2: 2200517ALG_global_pos51b | BC2: 2200517ALG_global_pos52b | BD2: 2200517ALG_global_pos53b | BE2: 2200517ALG_global_pos54b | BF2: 2200517ALG_global_pos55b | BG2: 2200517ALG_global_pos56b | BH2: 2200517ALG_global_pos57b | BI2: 2200517ALG_global_pos58b | BJ2: 2200517ALG_global_pos59b | BK2: 2200517ALG_global_pos60b | BL2: 2200517ALG_global_pos61b | BM2: 2200517ALG_global_pos62b | BN2: 2200517ALG_global_pos63b | BO2: 2200517ALG_global_pos64b | BP2: 2200517ALG_global_pos65b | BQ2: 2200517ALG_global_pos66b
A3: DG | B3: (1,2) DG 24:0 | C3: (1,2) DG 24:0
A4: DG | B4: (1,2) DG 30:0 | C4: (1,2) DG 24:0 | D4: =IF($C4="(1,2) DG 24:0",('Données brutes POS (Area)'!C4/('Données brutes POS (Area)'!C$3+'Données brutes POS (Area)'!C$17)*50),IF($C4="CAR d3-18:1",('Données brutes POS (Area)'!C4/('Données brutes POS (Area)'!C$28)*7.5))) -> 0.077416735 | E4: NQ | F4: =IF($C4="(1,2) DG 24:0",('Données brutes POS (Area)'!E4/('Données brutes POS (Area)'!E$3+'Données brutes POS (Area)'!E$17)*50),IF($C4="CAR d3-18:1",('Données brutes POS (Area)'!E4/('Données brutes POS (Area)'!E$28)*7.5))) -> 0.085756208 | G4: =IF($C4="(1,2) DG 24:0",('Données brutes POS (Area)'!F4/('Données brutes POS (Area)'!F$3+'Données brutes POS (Area)'!F$17)*50),IF($C4="CAR d3-18:1",('Données brutes POS (Area)'!F4/('Données brutes POS (Area)'!F$28)*7.5))) -> 0.049933077 | H4: =IF($C4="(1,2) DG 24:0",('Données brutes POS (Area)'!G4/('Données brutes POS (Area)'!G$3+'Données brutes POS (Area)'!G$17)*50),IF($C4="CAR d3-18:1",('Données brutes POS (Area)'!G4/('Données brutes POS (Area)'!G$28)*7.5))) -> 0.043032661 | I4: =IF($C4="(1,2) DG 24:0",('Données brutes POS (Area)'!H4/('Données brutes POS (Area)'!H$3+'Données brutes POS (Area)'!H$17)*50),IF($C4="CAR d3-18:1",('Données brutes POS (Area)'!H4/('Données brutes POS (Area)'!H$28)*7.5))) -> 0.045016176 | J4: =IF($C4="(1,2) DG 24:0",('Données brutes POS (Area)'!I4/('Données brutes POS (Area)'!I$3+'Données brutes POS (Area)'!I$17)*50),IF($C4="CAR d3-18:1",('Données brutes POS (Area)'!I4/('Données brutes POS (Area)'!I$28)*7.5))) -> 0.052509449 | K4: NQ | L4: NQ | M4: NQ | N4: NQ | O4: =IF($C4="(1,2) DG 24:0",('Données brutes POS (Area)'!N4/('Données brutes POS (Area)'!N$3+'Données brutes POS (Area)'!N$17)*50),IF($C4="CAR d3-18:1",('Données brutes POS (Area)'!N4/('Données brutes POS (Area)'!N$28)*7.5))) -> 0.055672735 | P4: =IF($C4="(1,2) DG 24:0",('Données brutes POS (Area)'!O4/('Données brutes POS (Area)'!O$3+'Données brutes POS (Area)'!O$17)*50),IF($C4="CAR d3-18:1",('Données brutes POS (Area)'!O4/('Données brutes POS (Area)'!O$28)*7.5))) -> 0.058228668 | Q4: NQ | R4: =IF($C4="(1,2) DG 24:0",('Données brutes POS (Area)'!Q4/('Données brutes POS (Area)'!Q$3+'Données brutes POS (Area)'!Q$17)*50),IF($C4="CAR d3-18:1",('Données brutes POS (Area)'!Q4/('Données brutes POS (Area)'!Q$28)*7.5))) -> 0.045403351 | S4: NQ | T4: =IF($C4="(1,2) DG 24:0",('Données brutes POS (Area)'!S4/('Données brutes POS (Area)'!S$3+'Données brutes POS (Area)'!S$17)*50),IF($C4="CAR d3-18:1",('Données brutes POS (Area)'!S4/('Données brutes POS (Area)'!S$28)*7.5))) -> 0.033550081 | U4: NQ | V4: =IF($C4="(1,2) DG 24:0",('Données brutes POS (Area)'!U4/('Données brutes POS (Area)'!U$3+'Données brutes POS (Area)'!U$17)*50),IF($C4="CAR d3-18:1",('Données brutes POS (Area)'!U4/('Données brutes POS (Area)'!U$28)*7.5))) -> 0.073102768 | W4: =IF($C4="(1,2) DG 24:0",('Données brutes POS (Area)'!V4/('Données brutes POS (Area)'!V$3+'Données brutes POS (Area)'!V$17)*50),IF($C4="CAR d3-18:1",('Données brutes POS (Area)'!V4/('Données brutes POS (Area)'!V$28)*7.5))) -> 0.045019544 | X4: =IF($C4="(1,2) DG 24:0",('Données brutes POS (Area)'!W4/('Données brutes POS (Area)'!W$3+'Données brutes POS (Area)'!W$17)*50),IF($C4="CAR d3-18:1",('Données brutes POS (Area)'!W4/('Données brutes POS (Area)'!W$28)*7.5))) -> 0.122898 | Y4: NQ | Z4: =IF($C4="(1,2) DG 24:0",('Données brutes POS (Area)'!Y4/('Données brutes POS (Area)'!Y$3+'Données brutes POS (Area)'!Y$17)*50),IF($C4="CAR d3-18:1",('Données brutes POS (Area)'!Y4/('Données brutes POS (Area)'!Y$28)*7.5))) -> 0.038083195 | AA4: =IF($C4="(1,2) DG 24:0",('Données brutes POS (Area)'!Z4/('Données brutes POS (Area)'!Z$3+'Données brutes POS (Area)'!Z$17)*50),IF($C4="CAR d3-18:1",('Données brutes POS (Area)'!Z4/('Données brutes POS (Area)'!Z$28)*7.5))) -> 0.0374591 | AB4: =IF($C4="(1,2) DG 24:0",('Données brutes POS (Area)'!AA4/('Données brutes POS (Area)'!AA$3+'Données brutes POS (Area)'!AA$17)*50),IF($C4="CAR d3-18:1",('Données brutes POS (Area)'!AA4/('Données brutes POS (Area)'!AA$28)*7.5))) -> 0.031676101 | AC4: =IF($C4="(1,2) DG 24:0",('Données brutes POS (Area)'!AB4/('Données brutes POS (Area)'!AB$3+'Données brutes POS (Area)'!AB$17)*50),IF($C4="CAR d3-18:1",('Données brutes POS (Area)'!AB4/('Données brutes POS (Area)'!AB$28)*7.5))) -> 0.13620876 | AD4: =IF($C4="(1,2) DG 24:0",('Données brutes POS (Area)'!AC4/('Données brutes POS (Area)'!AC$3+'Données brutes POS (Area)'!AC$17)*50),IF($C4="CAR d3-18:1",('Données brutes POS (Area)'!AC4/('Données brutes POS (Area)'!AC$28)*7.5))) -> 0.1047254 | AE4: =IF($C4="(1,2) DG 24:0",('Données brutes POS (Area)'!AD4/('Données brutes POS (Area)'!AD$3+'Données brutes POS (Area)'!AD$17)*50),IF($C4="CAR d3-18:1",('Données brutes POS (Area)'!AD4/('Données brutes POS (Area)'!AD$28)*7.5))) -> #VALUE! | AF4: =IF($C4="(1,2) DG 24:0",('Données brutes POS (Area)'!AE4/('Données brutes POS (Area)'!AE$3+'Données brutes POS (Area)'!AE$17)*50),IF($C4="CAR d3-18:1",('Données brutes POS (Area)'!AE4/('Données brutes POS (Area)'!AE$28)*7.5))) -> 0.048220105 | AG4: =IF($C4="(1,2) DG 24:0",('Données brutes POS (Area)'!AF4/('Données brutes POS (Area)'!AF$3+'Données brutes POS (Area)'!AF$17)*50),IF($C4="CAR d3-18:1",('Données brutes POS (Area)'!AF4/('Données brutes POS (Area)'!AF$28)*7.5))) -> #VALUE! | ... AS4: =IF($C4="(1,2) DG 24:0",('Données brutes POS (Area)'!AR4/('Données brutes POS (Area)'!AR$3+'Données brutes POS (Area)'!AR$17)*50),IF($C4="CAR d3-18:1",('Données brutes POS (Area)'!AR4/('Données brutes POS (Area)'!AR$28)*7.5))) -> 0.070394786 | AT4: NQ | AU4: =IF($C4="(1,2) DG 24:0",('Données brutes POS (Area)'!AT4/('Données brutes POS (Area)'!AT$3+'Données brutes POS (Area)'!AT$17)*50),IF($C4="CAR d3-18:1",('Données brutes POS (Area)'!AT4/('Données brutes POS (Area)'!AT$28)*7.5))) -> 0.08137533 | AV4: =IF($C4="(1,2) DG 24:0",('Données brutes POS (Area)'!AU4/('Données brutes POS (Area)'!AU$3+'Données brutes POS (Area)'!AU$17)*50),IF($C4="CAR d3-18:1",('Données brutes POS (Area)'!AU4/('Données brutes POS (Area)'!AU$28)*7.5))) -> 0.049754965 | AW4: =IF($C4="(1,2) DG 24:0",('Données brutes POS (Area)'!AV4/('Données brutes POS (Area)'!AV$3+'Données brutes POS (Area)'!AV$17)*50),IF($C4="CAR d3-18:1",('Données brutes POS (Area)'!AV4/('Données brutes POS (Area)'!AV$28)*7.5))) -> 0.15093402 | AX4: =IF($C4="(1,2) DG 24:0",('Données brutes POS (Area)'!AW4/('Données brutes POS (Area)'!AW$3+'Données brutes POS (Area)'!AW$17)*50),IF($C4="CAR d3-18:1",('Données brutes POS (Area)'!AW4/('Données brutes POS (Area)'!AW$28)*7.5))) -> 0.117063 | AY4: =IF($C4="(1,2) DG 24:0",('Données brutes POS (Area)'!AX4/('Données brutes POS (Area)'!AX$3+'Données brutes POS (Area)'!AX$17)*50),IF($C4="CAR d3-18:1",('Données brutes POS (Area)'!AX4/('Données brutes POS (Area)'!AX$28)*7.5))) -> 0.092953739 | AZ4: =IF($C4="(1,2) DG 24:0",('Données brutes POS (Area)'!AY4/('Données brutes POS (Area)'!AY$3+'Données brutes POS (Area)'!AY$17)*50),IF($C4="CAR d3-18:1",('Données brutes POS (Area)'!AY4/('Données brutes POS (Area)'!AY$28)*7.5))) -> 0.1731705 | BA4: =IF($C4="(1,2) DG 24:0",('Données brutes POS (Area)'!AZ4/('Données brutes POS (Area)'!AZ$3+'Données brutes POS (Area)'!AZ$17)*50),IF($C4="CAR d3-18:1",('Données brutes POS (Area)'!AZ4/('Données brutes POS (Area)'!AZ$28)*7.5))) -> 0.31644332 | BB4: =IF($C4="(1,2) DG 24:0",('Données brutes POS (Area)'!BA4/('Données brutes POS (Area)'!BA$3+'Données brutes POS (Area)'!BA$17)*50),IF($C4="CAR d3-18:1",('Données brutes POS (Area)'!BA4/('Données brutes POS (Area)'!BA$28)*7.5))) -> 0.17743307 | ... BE4: =IF($C4="(1,2) DG 24:0",('Données brutes POS (Area)'!BD4/('Données brutes POS (Area)'!BD$3+'Données brutes POS (Area)'!BD$17)*50),IF($C4="CAR d3-18:1",('Données brutes POS (Area)'!BD4/('Données brutes POS (Area)'!BD$28)*7.5))) -> 0.055525924 | BF4: NQ | BG4: =IF($C4="(1,2) DG 24:0",('Données brutes POS (Area)'!BF4/('Données brutes POS (Area)'!BF$3+'Données brutes POS (Area)'!BF$17)*50),IF($C4="CAR d3-18:1",('Données brutes POS (Area)'!BF4/('Données brutes POS (Area)'!BF$28)*7.5))) -> 0.16281838 | BH4: NQ | BI4: NQ | BJ4: =IF($C4="(1,2) DG 24:0",('Données brutes POS (Area)'!BI4/('Données brutes POS (Area)'!BI$3+'Données brutes POS (Area)'!BI$17)*50),IF($C4="CAR d3-18:1",('Données brutes POS (Area)'!BI4/('Données brutes POS (Area)'!BI$28)*7.5))) -> 0.081728063 | BK4: =IF($C4="(1,2) DG 24:0",('Données brutes POS (Area)'!BJ4/('Données brutes POS (Area)'!BJ$3+'Données brutes POS (Area)'!BJ$17)*50),IF($C4="CAR d3-18:1",('Données brutes POS (Area)'!BJ4/('Données brutes POS (Area)'!BJ$28)*7.5))) -> 0.51870883 | BL4: =IF($C4="(1,2) DG 24:0",('Données brutes POS (Area)'!BK4/('Données brutes POS (Area)'!BK$3+'Données brutes POS (Area)'!BK$17)*50),IF($C4="CAR d3-18:1",('Données brutes POS (Area)'!BK4/('Données brutes POS (Area)'!BK$28)*7.5))) -> 0.4103898 | BM4: =IF($C4="(1,2) DG 24:0",('Données brutes POS (Area)'!BL4/('Données brutes POS (Area)'!BL$3+'Données brutes POS (Area)'!BL$17)*50),IF($C4="CAR d3-18:1",('Données brutes POS (Area)'!BL4/('Données brutes POS (Area)'!BL$28)*7.5))) -> 0.11592483 | BN4: =IF($C4="(1,2) DG 24:0",('Données brutes POS (Area)'!BM4/('Données brutes POS (Area)'!BM$3+'Données brutes POS (Area)'!BM$17)*50),IF($C4="CAR d3-18:1",('Données brutes POS (Area)'!BM4/('Données brutes POS (Area)'!BM$28)*7.5))) -> 0.11948152 | BO4: =IF($C4="(1,2) DG 24:0",('Données brutes POS (Area)'!BN4/('Données brutes POS (Area)'!BN$3+'Données brutes POS (Area)'!BN$17)*50),IF($C4="CAR d3-18:1",('Données brutes POS (Area)'!BN4/('Données brutes POS (Area)'!BN$28)*7.5))) -> 0.072654877 | BP4: =IF($C4="(1,2) DG 24:0",('Données brutes POS (Area)'!BO4/('Données brutes POS (Area)'!BO$3+'Données brutes POS (Area)'!BO$17)*50),IF($C4="CAR d3-18:1",('Données brutes POS (Area)'!BO4/('Données brutes POS (Area)'!BO$28)*7.5))) -> 0.088505314 | BQ4: =IF($C4="(1,2) DG 24:0",('Données brutes POS (Area)'!BP4/('Données brutes POS (Area)'!BP$3+'Données brutes POS (Area)'!BP$17)*50),IF($C4="CAR d3-18:1",('Données brutes POS (Area)'!BP4/('Données brutes POS (Area)'!BP$28)*7.5))) -> 0.14528414
A5: DG | B5: (1,2) DG 32:0 | C5: (1,2) DG 24:0 | D5: =IF($C5="(1,2) DG 24:0",('Données brutes POS (Area)'!C5/('Données brutes POS (Area)'!C$3+'Données brutes POS (Area)'!C$17)*50),IF($C5="CAR d3-18:1",('Données brutes POS (Area)'!C5/('Données brutes POS (Area)'!C$28)*7.5))) -> 1.1959075 | E5: =IF($C5="(1,2) DG 24:0",('Données brutes POS (Area)'!D5/('Données brutes POS (Area)'!D$3+'Données brutes POS (Area)'!D$17)*50),IF($C5="CAR d3-18:1",('Données brutes POS (Area)'!D5/('Données brutes POS (Area)'!D$28)*7.5))) -> 0.43005447 | F5: =IF($C5="(1,2) DG 24:0",('Données brutes POS (Area)'!E5/('Données brutes POS (Area)'!E$3+'Données brutes POS (Area)'!E$17)*50),IF($C5="CAR d3-18:1",('Données brutes POS (Area)'!E5/('Données brutes POS (Area)'!E$28)*7.5))) -> 0.98882833 | G5: =IF($C5="(1,2) DG 24:0",('Données brutes POS (Area)'!F5/('Données brutes POS (Area)'!F$3+'Données brutes POS (Area)'!F$17)*50),IF($C5="CAR d3-18:1",('Données brutes POS (Area)'!F5/('Données brutes POS (Area)'!F$28)*7.5))) -> 0.59412442 | H5: =IF($C5="(1,2) DG 24:0",('Données brutes POS (Area)'!G5/('Données brutes POS (Area)'!G$3+'Données brutes POS (Area)'!G$17)*50),IF($C5="CAR d3-18:1",('Données brutes POS (Area)'!G5/('Données brutes POS (Area)'!G$28)*7.5))) -> 0.59526194 | I5: =IF($C5="(1,2) DG 24:0",('Données brutes POS (Area)'!H5/('Données brutes POS (Area)'!H$3+'Données brutes POS (Area)'!H$17)*50),IF($C5="CAR d3-18:1",('Données brutes POS (Area)'!H5/('Données brutes POS (Area)'!H$28)*7.5))) -> 0.43047386 | J5: =IF($C5="(1,2) DG 24:0",('Données brutes POS (Area)'!I5/('Données brutes POS (Area)'!I$3+'Données brutes POS (Area)'!I$17)*50),IF($C5="CAR d3-18:1",('Données brutes POS (Area)'!I5/('Données brutes POS (Area)'!I$28)*7.5))) -> 0.58875927 | K5: =IF($C5="(1,2) DG 24:0",('Données brutes POS (Area)'!J5/('Données brutes POS (Area)'!J$3+'Données brutes POS (Area)'!J$17)*50),IF($C5="CAR d3-18:1",('Données brutes POS (Area)'!J5/('Données brutes POS (Area)'!J$28)*7.5))) -> 0.32550146 | ... BQ5: =IF($C5="(1,2) DG 24:0",('Données brutes POS (Area)'!BP5/('Données brutes POS (Area)'!BP$3+'Données brutes POS (Area)'!BP$17)*50),IF($C5="CAR d3-18:1",('Données brutes POS (Area)'!BP5/('Données brutes POS (Area)'!BP$28)*7.5))) -> 1.600101
A6: DG | B6: (1,2) DG 32:1 | C6: (1,2) DG 24:0 | D6: =IF($C6="(1,2) DG 24:0",('Données brutes POS (Area)'!C6/('Données brutes POS (Area)'!C$3+'Données brutes POS (Area)'!C$17)*50),IF($C6="CAR d3-18:1",('Données brutes POS (Area)'!C6/('Données brutes POS (Area)'!C$28)*7.5))) -> 0.40978871 | E6: =IF($C6="(1,2) DG 24:0",('Données brutes POS (Area)'!D6/('Données brutes POS (Area)'!D$3+'Données brutes POS (Area)'!D$17)*50),IF($C6="CAR d3-18:1",('Données brutes POS (Area)'!D6/('Données brutes POS (Area)'!D$28)*7.5))) -> 0.19885963 | F6: =IF($C6="(1,2) DG 24:0",('Données brutes POS (Area)'!E6/('Données brutes POS (Area)'!E$3+'Données brutes POS (Area)'!E$17)*50),IF($C6="CAR d3-18:1",('Données brutes POS (Area)'!E6/('Données brutes POS (Area)'!E$28)*7.5))) -> 0.5085792 | G6: =IF($C6="(1,2) DG 24:0",('Données brutes POS (Area)'!F6/('Données brutes POS (Area)'!F$3+'Données brutes POS (Area)'!F$17)*50),IF($C6="CAR d3-18:1",('Données brutes POS (Area)'!F6/('Données brutes POS (Area)'!F$28)*7.5))) -> 0.32531937 | H6: =IF($C6="(1,2) DG 24:0",('Données brutes POS (Area)'!G6/('Données brutes POS (Area)'!G$3+'Données brutes POS (Area)'!G$17)*50),IF($C6="CAR d3-18:1",('Données brutes POS (Area)'!G6/('Données brutes POS (Area)'!G$28)*7.5))) -> 0.27045679 | I6: =IF($C6="(1,2) DG 24:0",('Données brutes POS (Area)'!H6/('Données brutes POS (Area)'!H$3+'Données brutes POS (Area)'!H$17)*50),IF($C6="CAR d3-18:1",('Données brutes POS (Area)'!H6/('Données brutes POS (Area)'!H$28)*7.5))) -> 0.45818215 | J6: =IF($C6="(1,2) DG 24:0",('Données brutes POS (Area)'!I6/('Données brutes POS (Area)'!I$3+'Données brutes POS (Area)'!I$17)*50),IF($C6="CAR d3-18:1",('Données brutes POS (Area)'!I6/('Données brutes POS (Area)'!I$28)*7.5))) -> 0.53411523 | K6: =IF($C6="(1,2) DG 24:0",('Données brutes POS (Area)'!J6/('Données brutes POS (Area)'!J$3+'Données brutes POS (Area)'!J$17)*50),IF($C6="CAR d3-18:1",('Données brutes POS (Area)'!J6/('Données brutes POS (Area)'!J$28)*7.5))) -> 0.13648059 | ... BQ6: =IF($C6="(1,2) DG 24:0",('Données brutes POS (Area)'!BP6/('Données brutes POS (Area)'!BP$3+'Données brutes POS (Area)'!BP$17)*50),IF($C6="CAR d3-18:1",('Données brutes POS (Area)'!BP6/('Données brutes POS (Area)'!BP$28)*7.5))) -> 0.82345926
A7: DG | B7: (1,2) DG 34:0 | C7: (1,2) DG 24:0 | D7: =IF($C7="(1,2) DG 24:0",('Données brutes POS (Area)'!C7/('Données brutes POS (Area)'!C$3+'Données brutes POS (Area)'!C$17)*50),IF($C7="CAR d3-18:1",('Données brutes POS (Area)'!C7/('Données brutes POS (Area)'!C$28)*7.5))) -> 1.0638504 | E7: =IF($C7="(1,2) DG 24:0",('Données brutes POS (Area)'!D7/('Données brutes POS (Area)'!D$3+'Données brutes POS (Area)'!D$17)*50),IF($C7="CAR d3-18:1",('Données brutes POS (Area)'!D7/('Données brutes POS (Area)'!D$28)*7.5))) -> 0.43403451 | F7: =IF($C7="(1,2) DG 24:0",('Données brutes POS (Area)'!E7/('Données brutes POS (Area)'!E$3+'Données brutes POS (Area)'!E$17)*50),IF($C7="CAR d3-18:1",('Données brutes POS (Area)'!E7/('Données brutes POS (Area)'!E$28)*7.5))) -> 0.85313748 | G7: =IF($C7="(1,2) DG 24:0",('Données brutes POS (Area)'!F7/('Données brutes POS (Area)'!F$3+'Données brutes POS (Area)'!F$17)*50),IF($C7="CAR d3-18:1",('Données brutes POS (Area)'!F7/('Données brutes POS (Area)'!F$28)*7.5))) -> 0.53769873 | H7: =IF($C7="(1,2) DG 24:0",('Données brutes POS (Area)'!G7/('Données brutes POS (Area)'!G$3+'Données brutes POS (Area)'!G$17)*50),IF($C7="CAR d3-18:1",('Données brutes POS (Area)'!G7/('Données brutes POS (Area)'!G$28)*7.5))) -> 0.62256213 | I7: =IF($C7="(1,2) DG 24:0",('Données brutes POS (Area)'!H7/('Données brutes POS (Area)'!H$3+'Données brutes POS (Area)'!H$17)*50),IF($C7="CAR d3-18:1",('Données brutes POS (Area)'!H7/('Données brutes POS (Area)'!H$28)*7.5))) -> 0.39228031 | J7: =IF($C7="(1,2) DG 24:0",('Données brutes POS (Area)'!I7/('Données brutes POS (Area)'!I$3+'Données brutes POS (Area)'!I$17)*50),IF($C7="CAR d3-18:1",('Données brutes POS (Area)'!I7/('Données brutes POS (Area)'!I$28)*7.5))) -> 0.53875007 | K7: =IF($C7="(1,2) DG 24:0",('Données brutes POS (Area)'!J7/('Données brutes POS (Area)'!J$3+'Données brutes POS (Area)'!J$17)*50),IF($C7="CAR d3-18:1",('Données brutes POS (Area)'!J7/('Données brutes POS (Area)'!J$28)*7.5))) -> 0.31810269 | ... BQ7: =IF($C7="(1,2) DG 24:0",('Données brutes POS (Area)'!BP7/('Données brutes POS (Area)'!BP$3+'Données brutes POS (Area)'!BP$17)*50),IF($C7="CAR d3-18:1",('Données brutes POS (Area)'!BP7/('Données brutes POS (Area)'!BP$28)*7.5))) -> 0.85359241
A8: DG | B8: (1,2) DG 34:1 | C8: (1,2) DG 24:0 | D8: =IF($C8="(1,2) DG 24:0",('Données brutes POS (Area)'!C8/('Données brutes POS (Area)'!C$3+'Données brutes POS (Area)'!C$17)*50),IF($C8="CAR d3-18:1",('Données brutes POS (Area)'!C8/('Données brutes POS (Area)'!C$28)*7.5))) -> 9.021288 | E8: =IF($C8="(1,2) DG 24:0",('Données brutes POS (Area)'!D8/('Données brutes POS (Area)'!D$3+'Données brutes POS (Area)'!D$17)*50),IF($C8="CAR d3-18:1",('Données brutes POS (Area)'!D8/('Données brutes POS (Area)'!D$28)*7.5))) -> 3.277136 | F8: =IF($C8="(1,2) DG 24:0",('Données brutes POS (Area)'!E8/('Données brutes POS (Area)'!E$3+'Données brutes POS (Area)'!E$17)*50),IF($C8="CAR d3-18:1",('Données brutes POS (Area)'!E8/('Données brutes POS (Area)'!E$28)*7.5))) -> 6.0952808 | G8: =IF($C8="(1,2) DG 24:0",('Données brutes POS (Area)'!F8/('Données brutes POS (Area)'!F$3+'Données brutes POS (Area)'!F$17)*50),IF($C8="CAR d3-18:1",('Données brutes POS (Area)'!F8/('Données brutes POS (Area)'!F$28)*7.5))) -> 3.5968724 | H8: =IF($C8="(1,2) DG 24:0",('Données brutes POS (Area)'!G8/('Données brutes POS (Area)'!G$3+'Données brutes POS (Area)'!G$17)*50),IF($C8="CAR d3-18:1",('Données brutes POS (Area)'!G8/('Données brutes POS (Area)'!G$28)*7.5))) -> 4.1754961 | I8: =IF($C8="(1,2) DG 24:0",('Données brutes POS (Area)'!H8/('Données brutes POS (Area)'!H$3+'Données brutes POS (Area)'!H$17)*50),IF($C8="CAR d3-18:1",('Données brutes POS (Area)'!H8/('Données brutes POS (Area)'!H$28)*7.5))) -> 2.7780185 | J8: =IF($C8="(1,2) DG 24:0",('Données brutes POS (Area)'!I8/('Données brutes POS (Area)'!I$3+'Données brutes POS (Area)'!I$17)*50),IF($C8="CAR d3-18:1",('Données brutes POS (Area)'!I8/('Données brutes POS (Area)'!I$28)*7.5))) -> 4.6512598 | K8: =IF($C8="(1,2) DG 24:0",('Données brutes POS (Area)'!J8/('Données brutes POS (Area)'!J$3+'Données brutes POS (Area)'!J$17)*50),IF($C8="CAR d3-18:1",('Données brutes POS (Area)'!J8/('Données brutes POS (Area)'!J$28)*7.5))) -> 1.7097144 | ... BQ8: =IF($C8="(1,2) DG 24:0",('Données brutes POS (Area)'!BP8/('Données brutes POS (Area)'!BP$3+'Données brutes POS (Area)'!BP$17)*50),IF($C8="CAR d3-18:1",('Données brutes POS (Area)'!BP8/('Données brutes POS (Area)'!BP$28)*7.5))) -> 6.3983952
A9: DG | B9: (1,2) DG 34:2 | C9: (1,2) DG 24:0 | D9: =IF($C9="(1,2) DG 24:0",('Données brutes POS (Area)'!C9/('Données brutes POS (Area)'!C$3+'Données brutes POS (Area)'!C$17)*50),IF($C9="CAR d3-18:1",('Données brutes POS (Area)'!C9/('Données brutes POS (Area)'!C$28)*7.5))) -> 2.8338016 | E9: =IF($C9="(1,2) DG 24:0",('Données brutes POS (Area)'!D9/('Données brutes POS (Area)'!D$3+'Données brutes POS (Area)'!D$17)*50),IF($C9="CAR d3-18:1",('Données brutes POS (Area)'!D9/('Données brutes POS (Area)'!D$28)*7.5))) -> 1.0324995 | F9: =IF($C9="(1,2) DG 24:0",('Données brutes POS (Area)'!E9/('Données brutes POS (Area)'!E$3+'Données brutes POS (Area)'!E$17)*50),IF($C9="CAR d3-18:1",('Données brutes POS (Area)'!E9/('Données brutes POS (Area)'!E$28)*7.5))) -> 1.9703156 | G9: =IF($C9="(1,2) DG 24:0",('Données brutes POS (Area)'!F9/('Données brutes POS (Area)'!F$3+'Données brutes POS (Area)'!F$17)*50),IF($C9="CAR d3-18:1",('Données brutes POS (Area)'!F9/('Données brutes POS (Area)'!F$28)*7.5))) -> 1.07443 | H9: =IF($C9="(1,2) DG 24:0",('Données brutes POS (Area)'!G9/('Données brutes POS (Area)'!G$3+'Données brutes POS (Area)'!G$17)*50),IF($C9="CAR d3-18:1",('Données brutes POS (Area)'!G9/('Données brutes POS (Area)'!G$28)*7.5))) -> 0.88306888 | I9: =IF($C9="(1,2) DG 24:0",('Données brutes POS (Area)'!H9/('Données brutes POS (Area)'!H$3+'Données brutes POS (Area)'!H$17)*50),IF($C9="CAR d3-18:1",('Données brutes POS (Area)'!H9/('Données brutes POS (Area)'!H$28)*7.5))) -> 0.96054688 | J9: =IF($C9="(1,2) DG 24:0",('Données brutes POS (Area)'!I9/('Données brutes POS (Area)'!I$3+'Données brutes POS (Area)'!I$17)*50),IF($C9="CAR d3-18:1",('Données brutes POS (Area)'!I9/('Données brutes POS (Area)'!I$28)*7.5))) -> 1.4483981 | K9: =IF($C9="(1,2) DG 24:0",('Données brutes POS (Area)'!J9/('Données brutes POS (Area)'!J$3+'Données brutes POS (Area)'!J$17)*50),IF($C9="CAR d3-18:1",('Données brutes POS (Area)'!J9/('Données brutes POS (Area)'!J$28)*7.5))) -> 0.87128604 | ... BQ9: =IF($C9="(1,2) DG 24:0",('Données brutes POS (Area)'!BP9/('Données brutes POS (Area)'!BP$3+'Données brutes POS (Area)'!BP$17)*50),IF($C9="CAR d3-18:1",('Données brutes POS (Area)'!BP9/('Données brutes POS (Area)'!BP$28)*7.5))) -> 3.077348
A10: DG | B10: (1,2) DG 34:3 | C10: (1,2) DG 24:0 | D10: =IF($C10="(1,2) DG 24:0",('Données brutes POS (Area)'!C10/('Données brutes POS (Area)'!C$3+'Données brutes POS (Area)'!C$17)*50),IF($C10="CAR d3-18:1",('Données brutes POS (Area)'!C10/('Données brutes POS (Area)'!C$28)*7.5))) -> 0.24703073 | E10: =IF($C10="(1,2) DG 24:0",('Données brutes POS (Area)'!D10/('Données brutes POS (Area)'!D$3+'Données brutes POS (Area)'!D$17)*50),IF($C10="CAR d3-18:1",('Données brutes POS (Area)'!D10/('Données brutes POS (Area)'!D$28)*7.5))) -> 0.12423848 | F10: =IF($C10="(1,2) DG 24:0",('Données brutes POS (Area)'!E10/('Données brutes POS (Area)'!E$3+'Données brutes POS (Area)'!E$17)*50),IF($C10="CAR d3-18:1",('Données brutes POS (Area)'!E10/('Données brutes POS (Area)'!E$28)*7.5))) -> 0.26783443 | G10: =IF($C10="(1,2) DG 24:0",('Données brutes POS (Area)'!F10/('Données brutes POS (Area)'!F$3+'Données brutes POS (Area)'!F$17)*50),IF($C10="CAR d3-18:1",('Données brutes POS (Area)'!F10/('Données brutes POS (Area)'!F$28)*7.5))) -> 0.17402399 | H10: =IF($C10="(1,2) DG 24:0",('Données brutes POS (Area)'!G10/('Données brutes POS (Area)'!G$3+'Données brutes POS (Area)'!G$17)*50),IF($C10="CAR d3-18:1",('Données brutes POS (Area)'!G10/('Données brutes POS (Area)'!G$28)*7.5))) -> 0.08599725 | I10: =IF($C10="(1,2) DG 24:0",('Données brutes POS (Area)'!H10/('Données brutes POS (Area)'!H$3+'Données brutes POS (Area)'!H$17)*50),IF($C10="CAR d3-18:1",('Données brutes POS (Area)'!H10/('Données brutes POS (Area)'!H$28)*7.5))) -> 0.17852108 | J10: =IF($C10="(1,2) DG 24:0",('Données brutes POS (Area)'!I10/('Données brutes POS (Area)'!I$3+'Données brutes POS (Area)'!I$17)*50),IF($C10="CAR d3-18:1",('Données brutes POS (Area)'!I10/('Données brutes POS (Area)'!I$28)*7.5))) -> 0.16192505 | K10: =IF($C10="(1,2) DG 24:0",('Données brutes POS (Area)'!J10/('Données brutes POS (Area)'!J$3+'Données brutes POS (Area)'!J$17)*50),IF($C10="CAR d3-18:1",('Données brutes POS (Area)'!J10/('Données brutes POS (Area)'!J$28)*7.5))) -> 0.1363225 | ... BQ10: =IF($C10="(1,2) DG 24:0",('Données brutes POS (Area)'!BP10/('Données brutes POS (Area)'!BP$3+'Données brutes POS (Area)'!BP$17)*50),IF($C10="CAR d3-18:1",('Données brutes POS (Area)'!BP10/('Données brutes POS (Area)'!BP$28)*7.5))) -> 0.40372296
A11: DG | B11: (1,2) DG 36:0 | C11: (1,2) DG 24:0 | D11: =IF($C11="(1,2) DG 24:0",('Données brutes POS (Area)'!C11/('Données brutes POS (Area)'!C$3+'Données brutes POS (Area)'!C$17)*50),IF($C11="CAR d3-18:1",('Données brutes POS (Area)'!C11/('Données brutes POS (Area)'!C$28)*7.5))) -> 0.14583129 | E11: =IF($C11="(1,2) DG 24:0",('Données brutes POS (Area)'!D11/('Données brutes POS (Area)'!D$3+'Données brutes POS (Area)'!D$17)*50),IF($C11="CAR d3-18:1",('Données brutes POS (Area)'!D11/('Données brutes POS (Area)'!D$28)*7.5))) -> 0.056815694 | F11: =IF($C11="(1,2) DG 24:0",('Données brutes POS (Area)'!E11/('Données brutes POS (Area)'!E$3+'Données brutes POS (Area)'!E$17)*50),IF($C11="CAR d3-18:1",('Données brutes POS (Area)'!E11/('Données brutes POS (Area)'!E$28)*7.5))) -> 0.13703616 | G11: =IF($C11="(1,2) DG 24:0",('Données brutes POS (Area)'!F11/('Données brutes POS (Area)'!F$3+'Données brutes POS (Area)'!F$17)*50),IF($C11="CAR d3-18:1",('Données brutes POS (Area)'!F11/('Données brutes POS (Area)'!F$28)*7.5))) -> 0.078023725 | H11: =IF($C11="(1,2) DG 24:0",('Données brutes POS (Area)'!G11/('Données brutes POS (Area)'!G$3+'Données brutes POS (Area)'!G$17)*50),IF($C11="CAR d3-18:1",('Données brutes POS (Area)'!G11/('Données brutes POS (Area)'!G$28)*7.5))) -> 0.094229357 | I11: =IF($C11="(1,2) DG 24:0",('Données brutes POS (Area)'!H11/('Données brutes POS (Area)'!H$3+'Données brutes POS (Area)'!H$17)*50),IF($C11="CAR d3-18:1",('Données brutes POS (Area)'!H11/('Données brutes POS (Area)'!H$28)*7.5))) -> 0.049343286 | J11: =IF($C11="(1,2) DG 24:0",('Données brutes POS (Area)'!I11/('Données brutes POS (Area)'!I$3+'Données brutes POS (Area)'!I$17)*50),IF($C11="CAR d3-18:1",('Données brutes POS (Area)'!I11/('Données brutes POS (Area)'!I$28)*7.5))) -> 0.059604326 | K11: =IF($C11="(1,2) DG 24:0",('Données brutes POS (Area)'!J11/('Données brutes POS (Area)'!J$3+'Données brutes POS (Area)'!J$17)*50),IF($C11="CAR d3-18:1",('Données brutes POS (Area)'!J11/('Données brutes POS (Area)'!J$28)*7.5))) -> 0.061526354 | ... BQ11: =IF($C11="(1,2) DG 24:0",('Données brutes POS (Area)'!BP11/('Données brutes POS (Area)'!BP$3+'Données brutes POS (Area)'!BP$17)*50),IF($C11="CAR d3-18:1",('Données brutes POS (Area)'!BP11/('Données brutes POS (Area)'!BP$28)*7.5))) -> 0.12569597
A12: DG | B12: (1,2) DG 36:1 | C12: (1,2) DG 24:0 | D12: =IF($C12="(1,2) DG 24:0",('Données brutes POS (Area)'!C12/('Données brutes POS (Area)'!C$3+'Données brutes POS (Area)'!C$17)*50),IF($C12="CAR d3-18:1",('Données brutes POS (Area)'!C12/('Données brutes POS (Area)'!C$28)*7.5))) -> 1.3878114 | E12: =IF($C12="(1,2) DG 24:0",('Données brutes POS (Area)'!D12/('Données brutes POS (Area)'!D$3+'Données brutes POS (Area)'!D$17)*50),IF($C12="CAR d3-18:1",('Données brutes POS (Area)'!D12/('Données brutes POS (Area)'!D$28)*7.5))) -> 0.49499587 | F12: =IF($C12="(1,2) DG 24:0",('Données brutes POS (Area)'!E12/('Données brutes POS (Area)'!E$3+'Données brutes POS (Area)'!E$17)*50),IF($C12="CAR d3-18:1",('Données brutes POS (Area)'!E12/('Données brutes POS (Area)'!E$28)*7.5))) -> 1.1401614 | G12: =IF($C12="(1,2) DG 24:0",('Données brutes POS (Area)'!F12/('Données brutes POS (Area)'!F$3+'Données brutes POS (Area)'!F$17)*50),IF($C12="CAR d3-18:1",('Données brutes POS (Area)'!F12/('Données brutes POS (Area)'!F$28)*7.5))) -> 0.6893251 | H12: =IF($C12="(1,2) DG 24:0",('Données brutes POS (Area)'!G12/('Données brutes POS (Area)'!G$3+'Données brutes POS (Area)'!G$17)*50),IF($C12="CAR d3-18:1",('Données brutes POS (Area)'!G12/('Données brutes POS (Area)'!G$28)*7.5))) -> 0.68124167 | I12: =IF($C12="(1,2) DG 24:0",('Données brutes POS (Area)'!H12/('Données brutes POS (Area)'!H$3+'Données brutes POS (Area)'!H$17)*50),IF($C12="CAR d3-18:1",('Données brutes POS (Area)'!H12/('Données brutes POS (Area)'!H$28)*7.5))) -> 0.27940141 | J12: =IF($C12="(1,2) DG 24:0",('Données brutes POS (Area)'!I12/('Données brutes POS (Area)'!I$3+'Données brutes POS (Area)'!I$17)*50),IF($C12="CAR d3-18:1",('Données brutes POS (Area)'!I12/('Données brutes POS (Area)'!I$28)*7.5))) -> 0.4412915 | K12: =IF($C12="(1,2) DG 24:0",('Données brutes POS (Area)'!J12/('Données brutes POS (Area)'!J$3+'Données brutes POS (Area)'!J$17)*50),IF($C12="CAR d3-18:1",('Données brutes POS (Area)'!J12/('Données brutes POS (Area)'!J$28)*7.5))) -> 0.37472081 | ... BQ12: =IF($C12="(1,2) DG 24:0",('Données brutes POS (Area)'!BP12/('Données brutes POS (Area)'!BP$3+'Données brutes POS (Area)'!BP$17)*50),IF($C12="CAR d3-18:1",('Données brutes POS (Area)'!BP12/('Données brutes POS (Area)'!BP$28)*7.5))) -> 0.9887102
A13: DG | B13: (1,2) DG 36:2 | C13: (1,2) DG 24:0 | D13: =IF($C13="(1,2) DG 24:0",('Données brutes POS (Area)'!C13/('Données brutes POS (Area)'!C$3+'Données brutes POS (Area)'!C$17)*50),IF($C13="CAR d3-18:1",('Données brutes POS (Area)'!C13/('Données brutes POS (Area)'!C$28)*7.5))) -> 10.364143 | E13: =IF($C13="(1,2) DG 24:0",('Données brutes POS (Area)'!D13/('Données brutes POS (Area)'!D$3+'Données brutes POS (Area)'!D$17)*50),IF($C13="CAR d3-18:1",('Données brutes POS (Area)'!D13/('Données brutes POS (Area)'!D$28)*7.5))) -> 4.044233 | F13: =IF($C13="(1,2) DG 24:0",('Données brutes POS (Area)'!E13/('Données brutes POS (Area)'!E$3+'Données brutes POS (Area)'!E$17)*50),IF($C13="CAR d3-18:1",('Données brutes POS (Area)'!E13/('Données brutes POS (Area)'!E$28)*7.5))) -> 4.1898936 | G13: =IF($C13="(1,2) DG 24:0",('Données brutes POS (Area)'!F13/('Données brutes POS (Area)'!F$3+'Données brutes POS (Area)'!F$17)*50),IF($C13="CAR d3-18:1",('Données brutes POS (Area)'!F13/('Données brutes POS (Area)'!F$28)*7.5))) -> 2.6566836 | H13: =IF($C13="(1,2) DG 24:0",('Données brutes POS (Area)'!G13/('Données brutes POS (Area)'!G$3+'Données brutes POS (Area)'!G$17)*50),IF($C13="CAR d3-18:1",('Données brutes POS (Area)'!G13/('Données brutes POS (Area)'!G$28)*7.5))) -> 4.733332 | I13: =IF($C13="(1,2) DG 24:0",('Données brutes POS (Area)'!H13/('Données brutes POS (Area)'!H$3+'Données brutes POS (Area)'!H$17)*50),IF($C13="CAR d3-18:1",('Données brutes POS (Area)'!H13/('Données brutes POS (Area)'!H$28)*7.5))) -> 1.6248534 | J13: =IF($C13="(1,2) DG 24:0",('Données brutes POS (Area)'!I13/('Données brutes POS (Area)'!I$3+'Données brutes POS (Area)'!I$17)*50),IF($C13="CAR d3-18:1",('Données brutes POS (Area)'!I13/('Données brutes POS (Area)'!I$28)*7.5))) -> 2.1478491 | K13: =IF($C13="(1,2) DG 24:0",('Données brutes POS (Area)'!J13/('Données brutes POS (Area)'!J$3+'Données brutes POS (Area)'!J$17)*50),IF($C13="CAR d3-18:1",('Données brutes POS (Area)'!J13/('Données brutes POS (Area)'!J$28)*7.5))) -> 2.9189164 | ... BQ13: =IF($C13="(1,2) DG 24:0",('Données brutes POS (Area)'!BP13/('Données brutes POS (Area)'!BP$3+'Données brutes POS (Area)'!BP$17)*50),IF($C13="CAR d3-18:1",('Données brutes POS (Area)'!BP13/('Données brutes POS (Area)'!BP$28)*7.5))) -> 5.1860776
A14: DG | B14: (1,2) DG 36:3 | C14: (1,2) DG 24:0 | D14: =IF($C14="(1,2) DG 24:0",('Données brutes POS (Area)'!C14/('Données brutes POS (Area)'!C$3+'Données brutes POS (Area)'!C$17)*50),IF($C14="CAR d3-18:1",('Données brutes POS (Area)'!C14/('Données brutes POS (Area)'!C$28)*7.5))) -> 7.5286726 | E14: =IF($C14="(1,2) DG 24:0",('Données brutes POS (Area)'!D14/('Données brutes POS (Area)'!D$3+'Données brutes POS (Area)'!D$17)*50),IF($C14="CAR d3-18:1",('Données brutes POS (Area)'!D14/('Données brutes POS (Area)'!D$28)*7.5))) -> 2.5406847 | F14: =IF($C14="(1,2) DG 24:0",('Données brutes POS (Area)'!E14/('Données brutes POS (Area)'!E$3+'Données brutes POS (Area)'!E$17)*50),IF($C14="CAR d3-18:1",('Données brutes POS (Area)'!E14/('Données brutes POS (Area)'!E$28)*7.5))) -> 4.5445985 | G14: =IF($C14="(1,2) DG 24:0",('Données brutes POS (Area)'!F14/('Données brutes POS (Area)'!F$3+'Données brutes POS (Area)'!F$17)*50),IF($C14="CAR d3-18:1",('Données brutes POS (Area)'!F14/('Données brutes POS (Area)'!F$28)*7.5))) -> 2.9624271 | H14: =IF($C14="(1,2) DG 24:0",('Données brutes POS (Area)'!G14/('Données brutes POS (Area)'!G$3+'Données brutes POS (Area)'!G$17)*50),IF($C14="CAR d3-18:1",('Données brutes POS (Area)'!G14/('Données brutes POS (Area)'!G$28)*7.5))) -> 1.9144515 | I14: =IF($C14="(1,2) DG 24:0",('Données brutes POS (Area)'!H14/('Données brutes POS (Area)'!H$3+'Données brutes POS (Area)'!H$17)*50),IF($C14="CAR d3-18:1",('Données brutes POS (Area)'!H14/('Données brutes POS (Area)'!H$28)*7.5))) -> 1.894555 | J14: =IF($C14="(1,2) DG 24:0",('Données brutes POS (Area)'!I14/('Données brutes POS (Area)'!I$3+'Données brutes POS (Area)'!I$17)*50),IF($C14="CAR d3-18:1",('Données brutes POS (Area)'!I14/('Données brutes POS (Area)'!I$28)*7.5))) -> 2.3091978 | K14: =IF($C14="(1,2) DG 24:0",('Données brutes POS (Area)'!J14/('Données brutes POS (Area)'!J$3+'Données brutes POS (Area)'!J$17)*50),IF($C14="CAR d3-18:1",('Données brutes POS (Area)'!J14/('Données brutes POS (Area)'!J$28)*7.5))) -> 2.3116116 | ... BQ14: =IF($C14="(1,2) DG 24:0",('Données brutes POS (Area)'!BP14/('Données brutes POS (Area)'!BP$3+'Données brutes POS (Area)'!BP$17)*50),IF($C14="CAR d3-18:1",('Données brutes POS (Area)'!BP14/('Données brutes POS (Area)'!BP$28)*7.5))) -> 5.077494
A15: DG | B15: (1,2) DG 36:4 | C15: (1,2) DG 24:0 | D15: =IF($C15="(1,2) DG 24:0",('Données brutes POS (Area)'!C15/('Données brutes POS (Area)'!C$3+'Données brutes POS (Area)'!C$17)*50),IF($C15="CAR d3-18:1",('Données brutes POS (Area)'!C15/('Données brutes POS (Area)'!C$28)*7.5))) -> 0.44041097 | E15: =IF($C15="(1,2) DG 24:0",('Données brutes POS (Area)'!D15/('Données brutes POS (Area)'!D$3+'Données brutes POS (Area)'!D$17)*50),IF($C15="CAR d3-18:1",('Données brutes POS (Area)'!D15/('Données brutes POS (Area)'!D$28)*7.5))) -> 0.13141212 | F15: =IF($C15="(1,2) DG 24:0",('Données brutes POS (Area)'!E15/('Données brutes POS (Area)'!E$3+'Données brutes POS (Area)'!E$17)*50),IF($C15="CAR d3-18:1",('Données brutes POS (Area)'!E15/('Données brutes POS (Area)'!E$28)*7.5))) -> 0.28920914 | G15: =IF($C15="(1,2) DG 24:0",('Données brutes POS (Area)'!F15/('Données brutes POS (Area)'!F$3+'Données brutes POS (Area)'!F$17)*50),IF($C15="CAR d3-18:1",('Données brutes POS (Area)'!F15/('Données brutes POS (Area)'!F$28)*7.5))) -> 0.17416488 | H15: =IF($C15="(1,2) DG 24:0",('Données brutes POS (Area)'!G15/('Données brutes POS (Area)'!G$3+'Données brutes POS (Area)'!G$17)*50),IF($C15="CAR d3-18:1",('Données brutes POS (Area)'!G15/('Données brutes POS (Area)'!G$28)*7.5))) -> 0.10043779 | I15: =IF($C15="(1,2) DG 24:0",('Données brutes POS (Area)'!H15/('Données brutes POS (Area)'!H$3+'Données brutes POS (Area)'!H$17)*50),IF($C15="CAR d3-18:1",('Données brutes POS (Area)'!H15/('Données brutes POS (Area)'!H$28)*7.5))) -> 0.12502573 | J15: =IF($C15="(1,2) DG 24:0",('Données brutes POS (Area)'!I15/('Données brutes POS (Area)'!I$3+'Données brutes POS (Area)'!I$17)*50),IF($C15="CAR d3-18:1",('Données brutes POS (Area)'!I15/('Données brutes POS (Area)'!I$28)*7.5))) -> 0.13095669 | K15: =IF($C15="(1,2) DG 24:0",('Données brutes POS (Area)'!J15/('Données brutes POS (Area)'!J$3+'Données brutes POS (Area)'!J$17)*50),IF($C15="CAR d3-18:1",('Données brutes POS (Area)'!J15/('Données brutes POS (Area)'!J$28)*7.5))) -> 0.18282455 | ... BQ15: =IF($C15="(1,2) DG 24:0",('Données brutes POS (Area)'!BP15/('Données brutes POS (Area)'!BP$3+'Données brutes POS (Area)'!BP$17)*50),IF($C15="CAR d3-18:1",('Données brutes POS (Area)'!BP15/('Données brutes POS (Area)'!BP$28)*7.5))) -> 0.38716637
A16: DG | B16: (1,2) DG 38:2 | C16: (1,2) DG 24:0 | D16: =IF($C16="(1,2) DG 24:0",('Données brutes POS (Area)'!C16/('Données brutes POS (Area)'!C$3+'Données brutes POS (Area)'!C$17)*50),IF($C16="CAR d3-18:1",('Données brutes POS (Area)'!C16/('Données brutes POS (Area)'!C$28)*7.5))) -> 0.13086418 | E16: NQ | F16: =IF($C16="(1,2) DG 24:0",('Données brutes POS (Area)'!E16/('Données brutes POS (Area)'!E$3+'Données brutes POS (Area)'!E$17)*50),IF($C16="CAR d3-18:1",('Données brutes POS (Area)'!E16/('Données brutes POS (Area)'!E$28)*7.5))) -> 0.084047611 | G16: =IF($C16="(1,2) DG 24:0",('Données brutes POS (Area)'!F16/('Données brutes POS (Area)'!F$3+'Données brutes POS (Area)'!F$17)*50),IF($C16="CAR d3-18:1",('Données brutes POS (Area)'!F16/('Données brutes POS (Area)'!F$28)*7.5))) -> 0.071085993 | H16: =IF($C16="(1,2) DG 24:0",('Données brutes POS (Area)'!G16/('Données brutes POS (Area)'!G$3+'Données brutes POS (Area)'!G$17)*50),IF($C16="CAR d3-18:1",('Données brutes POS (Area)'!G16/('Données brutes POS (Area)'!G$28)*7.5))) -> 0.051742327 | I16: =IF($C16="(1,2) DG 24:0",('Données brutes POS (Area)'!H16/('Données brutes POS (Area)'!H$3+'Données brutes POS (Area)'!H$17)*50),IF($C16="CAR d3-18:1",('Données brutes POS (Area)'!H16/('Données brutes POS (Area)'!H$28)*7.5))) -> 0.022838202 | J16: NQ | K16: NQ | L16: NQ | M16: =IF($C16="(1,2) DG 24:0",('Données brutes POS (Area)'!L16/('Données brutes POS (Area)'!L$3+'Données brutes POS (Area)'!L$17)*50),IF($C16="CAR d3-18:1",('Données brutes POS (Area)'!L16/('Données brutes POS (Area)'!L$28)*7.5))) -> 0.031811742 | N16: NQ | O16: =IF($C16="(1,2) DG 24:0",('Données brutes POS (Area)'!N16/('Données brutes POS (Area)'!N$3+'Données brutes POS (Area)'!N$17)*50),IF($C16="CAR d3-18:1",('Données brutes POS (Area)'!N16/('Données brutes POS (Area)'!N$28)*7.5))) -> 0.031867302 | P16: =IF($C16="(1,2) DG 24:0",('Données brutes POS (Area)'!O16/('Données brutes POS (Area)'!O$3+'Données brutes POS (Area)'!O$17)*50),IF($C16="CAR d3-18:1",('Données brutes POS (Area)'!O16/('Données brutes POS (Area)'!O$28)*7.5))) -> 0.039438224 | Q16: NQ | R16: =IF($C16="(1,2) DG 24:0",('Données brutes POS (Area)'!Q16/('Données brutes POS (Area)'!Q$3+'Données brutes POS (Area)'!Q$17)*50),IF($C16="CAR d3-18:1",('Données brutes POS (Area)'!Q16/('Données brutes POS (Area)'!Q$28)*7.5))) -> 0.0328611 | S16: NQ | T16: =IF($C16="(1,2) DG 24:0",('Données brutes POS (Area)'!S16/('Données brutes POS (Area)'!S$3+'Données brutes POS (Area)'!S$17)*50),IF($C16="CAR d3-18:1",('Données brutes POS (Area)'!S16/('Données brutes POS (Area)'!S$28)*7.5))) -> 0.026628358 | U16: NQ | V16: NQ | W16: =IF($C16="(1,2) DG 24:0",('Données brutes POS (Area)'!V16/('Données brutes POS (Area)'!V$3+'Données brutes POS (Area)'!V$17)*50),IF($C16="CAR d3-18:1",('Données brutes POS (Area)'!V16/('Données brutes POS (Area)'!V$28)*7.5))) -> 0.039749826 | X16: =IF($C16="(1,2) DG 24:0",('Données brutes POS (Area)'!W16/('Données brutes POS (Area)'!W$3+'Données brutes POS (Area)'!W$17)*50),IF($C16="CAR d3-18:1",('Données brutes POS (Area)'!W16/('Données brutes POS (Area)'!W$28)*7.5))) -> 0.079142518 | Y16: NQ | Z16: NQ | AA16: =IF($C16="(1,2) DG 24:0",('Données brutes POS (Area)'!Z16/('Données brutes POS (Area)'!Z$3+'Données brutes POS (Area)'!Z$17)*50),IF($C16="CAR d3-18:1",('Données brutes POS (Area)'!Z16/('Données brutes POS (Area)'!Z$28)*7.5))) -> 0.044803284 | AB16: =IF($C16="(1,2) DG 24:0",('Données brutes POS (Area)'!AA16/('Données brutes POS (Area)'!AA$3+'Données brutes POS (Area)'!AA$17)*50),IF($C16="CAR d3-18:1",('Données brutes POS (Area)'!AA16/('Données brutes POS (Area)'!AA$28)*7.5))) -> 0.048949901 | AC16: =IF($C16="(1,2) DG 24:0",('Données brutes POS (Area)'!AB16/('Données brutes POS (Area)'!AB$3+'Données brutes POS (Area)'!AB$17)*50),IF($C16="CAR d3-18:1",('Données brutes POS (Area)'!AB16/('Données brutes POS (Area)'!AB$28)*7.5))) -> 0.066729026 | AD16: NQ | AE16: NQ | AF16: =IF($C16="(1,2) DG 24:0",('Données brutes POS (Area)'!AE16/('Données brutes POS (Area)'!AE$3+'Données brutes POS (Area)'!AE$17)*50),IF($C16="CAR d3-18:1",('Données brutes POS (Area)'!AE16/('Données brutes POS (Area)'!AE$28)*7.5))) -> 0.037405604 | AG16: =IF($C16="(1,2) DG 24:0",('Données brutes POS (Area)'!AF16/('Données brutes POS (Area)'!AF$3+'Données brutes POS (Area)'!AF$17)*50),IF($C16="CAR d3-18:1",('Données brutes POS (Area)'!AF16/('Données brutes POS (Area)'!AF$28)*7.5))) -> 0.04225028 | AH16: =IF($C16="(1,2) DG 24:0",('Données brutes POS (Area)'!AG16/('Données brutes POS (Area)'!AG$3+'Données brutes POS (Area)'!AG$17)*50),IF($C16="CAR d3-18:1",('Données brutes POS (Area)'!AG16/('Données brutes POS (Area)'!AG$28)*7.5))) -> 0.029176811 | AI16: =IF($C16="(1,2) DG 24:0",('Données brutes POS (Area)'!AH16/('Données brutes POS (Area)'!AH$3+'Données brutes POS (Area)'!AH$17)*50),IF($C16="CAR d3-18:1",('Données brutes POS (Area)'!AH16/('Données brutes POS (Area)'!AH$28)*7.5))) -> 0.11889445 | AJ16: NQ | AK16: NQ | AL16: NQ | AM16: =IF($C16="(1,2) DG 24:0",('Données brutes POS (Area)'!AL16/('Données brutes POS (Area)'!AL$3+'Données brutes POS (Area)'!AL$17)*50),IF($C16="CAR d3-18:1",('Données brutes POS (Area)'!AL16/('Données brutes POS (Area)'!AL$28)*7.5))) -> 0.058398598 | AN16: =IF($C16="(1,2) DG 24:0",('Données brutes POS (Area)'!AM16/('Données brutes POS (Area)'!AM$3+'Données brutes POS (Area)'!AM$17)*50),IF($C16="CAR d3-18:1",('Données brutes POS (Area)'!AM16/('Données brutes POS (Area)'!AM$28)*7.5))) -> 0.043982777 | AO16: =IF($C16="(1,2) DG 24:0",('Données brutes POS (Area)'!AN16/('Données brutes POS (Area)'!AN$3+'Données brutes POS (Area)'!AN$17)*50),IF($C16="CAR d3-18:1",('Données brutes POS (Area)'!AN16/('Données brutes POS (Area)'!AN$28)*7.5))) -> 0.066179618 | AP16: =IF($C16="(1,2) DG 24:0",('Données brutes POS (Area)'!AO16/('Données brutes POS (Area)'!AO$3+'Données brutes POS (Area)'!AO$17)*50),IF($C16="CAR d3-18:1",('Données brutes POS (Area)'!AO16/('Données brutes POS (Area)'!AO$28)*7.5))) -> 0.041945884 | AQ16: =IF($C16="(1,2) DG 24:0",('Données brutes POS (Area)'!AP16/('Données brutes POS (Area)'!AP$3+'Données brutes POS (Area)'!AP$17)*50),IF($C16="CAR d3-18:1",('Données brutes POS (Area)'!AP16/('Données brutes POS (Area)'!AP$28)*7.5))) -> 0.17122733 | AR16: =IF($C16="(1,2) DG 24:0",('Données brutes POS (Area)'!AQ16/('Données brutes POS (Area)'!AQ$3+'Données brutes POS (Area)'!AQ$17)*50),IF($C16="CAR d3-18:1",('Données brutes POS (Area)'!AQ16/('Données brutes POS (Area)'!AQ$28)*7.5))) -> 0.048422298 | AS16: =IF($C16="(1,2) DG 24:0",('Données brutes POS (Area)'!AR16/('Données brutes POS (Area)'!AR$3+'Données brutes POS (Area)'!AR$17)*50),IF($C16="CAR d3-18:1",('Données brutes POS (Area)'!AR16/('Données brutes POS (Area)'!AR$28)*7.5))) -> 0.065701143 | AT16: NQ | AU16: =IF($C16="(1,2) DG 24:0",('Données brutes POS (Area)'!AT16/('Données brutes POS (Area)'!AT$3+'Données brutes POS (Area)'!AT$17)*50),IF($C16="CAR d3-18:1",('Données brutes POS (Area)'!AT16/('Données brutes POS (Area)'!AT$28)*7.5))) -> 0.042824414 | AV16: =IF($C16="(1,2) DG 24:0",('Données brutes POS (Area)'!AU16/('Données brutes POS (Area)'!AU$3+'Données brutes POS (Area)'!AU$17)*50),IF($C16="CAR d3-18:1",('Données brutes POS (Area)'!AU16/('Données brutes POS (Area)'!AU$28)*7.5))) -> 0.030636577 | AW16: =IF($C16="(1,2) DG 24:0",('Données brutes POS (Area)'!AV16/('Données brutes POS (Area)'!AV$3+'Données brutes POS (Area)'!AV$17)*50),IF($C16="CAR d3-18:1",('Données brutes POS (Area)'!AV16/('Données brutes POS (Area)'!AV$28)*7.5))) -> 0.072138754 | AX16: =IF($C16="(1,2) DG 24:0",('Données brutes POS (Area)'!AW16/('Données brutes POS (Area)'!AW$3+'Données brutes POS (Area)'!AW$17)*50),IF($C16="CAR d3-18:1",('Données brutes POS (Area)'!AW16/('Données brutes POS (Area)'!AW$28)*7.5))) -> 0.053745416 | AY16: =IF($C16="(1,2) DG 24:0",('Données brutes POS (Area)'!AX16/('Données brutes POS (Area)'!AX$3+'Données brutes POS (Area)'!AX$17)*50),IF($C16="CAR d3-18:1",('Données brutes POS (Area)'!AX16/('Données brutes POS (Area)'!AX$28)*7.5))) -> 0.13728018 | AZ16: =IF($C16="(1,2) DG 24:0",('Données brutes POS (Area)'!AY16/('Données brutes POS (Area)'!AY$3+'Données brutes POS (Area)'!AY$17)*50),IF($C16="CAR d3-18:1",('Données brutes POS (Area)'!AY16/('Données brutes POS (Area)'!AY$28)*7.5))) -> 0.077076343 | BA16: =IF($C16="(1,2) DG 24:0",('Données brutes POS (Area)'!AZ16/('Données brutes POS (Area)'!AZ$3+'Données brutes POS (Area)'!AZ$17)*50),IF($C16="CAR d3-18:1",('Données brutes POS (Area)'!AZ16/('Données brutes POS (Area)'!AZ$28)*7.5))) -> 0.10798812 | BB16: =IF($C16="(1,2) DG 24:0",('Données brutes POS (Area)'!BA16/('Données brutes POS (Area)'!BA$3+'Données brutes POS (Area)'!BA$17)*50),IF($C16="CAR d3-18:1",('Données brutes POS (Area)'!BA16/('Données brutes POS (Area)'!BA$28)*7.5))) -> 0.12765153 | ... BE16: =IF($C16="(1,2) DG 24:0",('Données brutes POS (Area)'!BD16/('Données brutes POS (Area)'!BD$3+'Données brutes POS (Area)'!BD$17)*50),IF($C16="CAR d3-18:1",('Données brutes POS (Area)'!BD16/('Données brutes POS (Area)'!BD$28)*7.5))) -> 0.043394229 | BF16: NQ | BG16: =IF($C16="(1,2) DG 24:0",('Données brutes POS (Area)'!BF16/('Données brutes POS (Area)'!BF$3+'Données brutes POS (Area)'!BF$17)*50),IF($C16="CAR d3-18:1",('Données brutes POS (Area)'!BF16/('Données brutes POS (Area)'!BF$28)*7.5))) -> 0.13384521 | BH16: =IF($C16="(1,2) DG 24:0",('Données brutes POS (Area)'!BG16/('Données brutes POS (Area)'!BG$3+'Données brutes POS (Area)'!BG$17)*50),IF($C16="CAR d3-18:1",('Données brutes POS (Area)'!BG16/('Données brutes POS (Area)'!BG$28)*7.5))) -> 0.16738472 | BI16: =IF($C16="(1,2) DG 24:0",('Données brutes POS (Area)'!BH16/('Données brutes POS (Area)'!BH$3+'Données brutes POS (Area)'!BH$17)*50),IF($C16="CAR d3-18:1",('Données brutes POS (Area)'!BH16/('Données brutes POS (Area)'!BH$28)*7.5))) -> 0.050080622 | BJ16: =IF($C16="(1,2) DG 24:0",('Données brutes POS (Area)'!BI16/('Données brutes POS (Area)'!BI$3+'Données brutes POS (Area)'!BI$17)*50),IF($C16="CAR d3-18:1",('Données brutes POS (Area)'!BI16/('Données brutes POS (Area)'!BI$28)*7.5))) -> 0.14128109 | BK16: =IF($C16="(1,2) DG 24:0",('Données brutes POS (Area)'!BJ16/('Données brutes POS (Area)'!BJ$3+'Données brutes POS (Area)'!BJ$17)*50),IF($C16="CAR d3-18:1",('Données brutes POS (Area)'!BJ16/('Données brutes POS (Area)'!BJ$28)*7.5))) -> 0.28906048 | BL16: =IF($C16="(1,2) DG 24:0",('Données brutes POS (Area)'!BK16/('Données brutes POS (Area)'!BK$3+'Données brutes POS (Area)'!BK$17)*50),IF($C16="CAR d3-18:1",('Données brutes POS (Area)'!BK16/('Données brutes POS (Area)'!BK$28)*7.5))) -> 0.23668735 | BM16: =IF($C16="(1,2) DG 24:0",('Données brutes POS (Area)'!BL16/('Données brutes POS (Area)'!BL$3+'Données brutes POS (Area)'!BL$17)*50),IF($C16="CAR d3-18:1",('Données brutes POS (Area)'!BL16/('Données brutes POS (Area)'!BL$28)*7.5))) -> 0.2965156 | BN16: =IF($C16="(1,2) DG 24:0",('Données brutes POS (Area)'!BM16/('Données brutes POS (Area)'!BM$3+'Données brutes POS (Area)'!BM$17)*50),IF($C16="CAR d3-18:1",('Données brutes POS (Area)'!BM16/('Données brutes POS (Area)'!BM$28)*7.5))) -> 0.06044894 | ... BQ16: =IF($C16="(1,2) DG 24:0",('Données brutes POS (Area)'!BP16/('Données brutes POS (Area)'!BP$3+'Données brutes POS (Area)'!BP$17)*50),IF($C16="CAR d3-18:1",('Données brutes POS (Area)'!BP16/('Données brutes POS (Area)'!BP$28)*7.5))) -> 0.05025783
A17: DG | B17: (1,3) DG 24:0 | C17: (1,2) DG 24:0
A18: DG | B18: (1,3) DG 30:0 | C18: (1,2) DG 24:0 | D18: =IF($C18="(1,2) DG 24:0",('Données brutes POS (Area)'!C18/('Données brutes POS (Area)'!C$3+'Données brutes POS (Area)'!C$17)*50),IF($C18="CAR d3-18:1",('Données brutes POS (Area)'!C16/('Données brutes POS (Area)'!C$28)*7.5))) -> 0.056812858 | E18: NQ | F18: NQ | G18: NQ | H18: NQ | I18: =IF($C18="(1,2) DG 24:0",('Données brutes POS (Area)'!H18/('Données brutes POS (Area)'!H$3+'Données brutes POS (Area)'!H$17)*50),IF($C18="CAR d3-18:1",('Données brutes POS (Area)'!H16/('Données brutes POS (Area)'!H$28)*7.5))) -> 0.14102413 | J18: =IF($C18="(1,2) DG 24:0",('Données brutes POS (Area)'!I18/('Données brutes POS (Area)'!I$3+'Données brutes POS (Area)'!I$17)*50),IF($C18="CAR d3-18:1",('Données brutes POS (Area)'!I16/('Données brutes POS (Area)'!I$28)*7.5))) -> 0.18045253 | K18: NQ | L18: NQ | M18: =IF($C18="(1,2) DG 24:0",('Données brutes POS (Area)'!L18/('Données brutes POS (Area)'!L$3+'Données brutes POS (Area)'!L$17)*50),IF($C18="CAR d3-18:1",('Données brutes POS (Area)'!L16/('Données brutes POS (Area)'!L$28)*7.5))) -> 0.074628476 | N18: NQ | O18: =IF($C18="(1,2) DG 24:0",('Données brutes POS (Area)'!N18/('Données brutes POS (Area)'!N$3+'Données brutes POS (Area)'!N$17)*50),IF($C18="CAR d3-18:1",('Données brutes POS (Area)'!N16/('Données brutes POS (Area)'!N$28)*7.5))) -> 0.078267522 | P18: =IF($C18="(1,2) DG 24:0",('Données brutes POS (Area)'!O18/('Données brutes POS (Area)'!O$3+'Données brutes POS (Area)'!O$17)*50),IF($C18="CAR d3-18:1",('Données brutes POS (Area)'!O16/('Données brutes POS (Area)'!O$28)*7.5))) -> 0.12207906 | Q18: =IF($C18="(1,2) DG 24:0",('Données brutes POS (Area)'!P18/('Données brutes POS (Area)'!P$3+'Données brutes POS (Area)'!P$17)*50),IF($C18="CAR d3-18:1",('Données brutes POS (Area)'!P16/('Données brutes POS (Area)'!P$28)*7.5))) -> 0.10309977 | R18: =IF($C18="(1,2) DG 24:0",('Données brutes POS (Area)'!Q18/('Données brutes POS (Area)'!Q$3+'Données brutes POS (Area)'!Q$17)*50),IF($C18="CAR d3-18:1",('Données brutes POS (Area)'!Q16/('Données brutes POS (Area)'!Q$28)*7.5))) -> 0.10689444 | S18: NQ | T18: =IF($C18="(1,2) DG 24:0",('Données brutes POS (Area)'!S18/('Données brutes POS (Area)'!S$3+'Données brutes POS (Area)'!S$17)*50),IF($C18="CAR d3-18:1",('Données brutes POS (Area)'!S16/('Données brutes POS (Area)'!S$28)*7.5))) -> 0.10475283 | U18: NQ | V18: NQ | W18: =IF($C18="(1,2) DG 24:0",('Données brutes POS (Area)'!V18/('Données brutes POS (Area)'!V$3+'Données brutes POS (Area)'!V$17)*50),IF($C18="CAR d3-18:1",('Données brutes POS (Area)'!V16/('Données brutes POS (Area)'!V$28)*7.5))) -> 0.060769573 | X18: NQ | Y18: =IF($C18="(1,2) DG 24:0",('Données brutes POS (Area)'!X18/('Données brutes POS (Area)'!X$3+'Données brutes POS (Area)'!X$17)*50),IF($C18="CAR d3-18:1",('Données brutes POS (Area)'!X16/('Données brutes POS (Area)'!X$28)*7.5))) -> 0.038245526 | Z18: =IF($C18="(1,2) DG 24:0",('Données brutes POS (Area)'!Y18/('Données brutes POS (Area)'!Y$3+'Données brutes POS (Area)'!Y$17)*50),IF($C18="CAR d3-18:1",('Données brutes POS (Area)'!Y16/('Données brutes POS (Area)'!Y$28)*7.5))) -> 0.12952287 | AA18: =IF($C18="(1,2) DG 24:0",('Données brutes POS (Area)'!Z18/('Données brutes POS (Area)'!Z$3+'Données brutes POS (Area)'!Z$17)*50),IF($C18="CAR d3-18:1",('Données brutes POS (Area)'!Z16/('Données brutes POS (Area)'!Z$28)*7.5))) -> 0.14407507 | AB18: =IF($C18="(1,2) DG 24:0",('Données brutes POS (Area)'!AA18/('Données brutes POS (Area)'!AA$3+'Données brutes POS (Area)'!AA$17)*50),IF($C18="CAR d3-18:1",('Données brutes POS (Area)'!AA16/('Données brutes POS (Area)'!AA$28)*7.5))) -> 0.041671487 | AC18: =IF($C18="(1,2) DG 24:0",('Données brutes POS (Area)'!AB18/('Données brutes POS (Area)'!AB$3+'Données brutes POS (Area)'!AB$17)*50),IF($C18="CAR d3-18:1",('Données brutes POS (Area)'!AB16/('Données brutes POS (Area)'!AB$28)*7.5))) -> 0.17751486 | AD18: =IF($C18="(1,2) DG 24:0",('Données brutes POS (Area)'!AC18/('Données brutes POS (Area)'!AC$3+'Données brutes POS (Area)'!AC$17)*50),IF($C18="CAR d3-18:1",('Données brutes POS (Area)'!AC16/('Données brutes POS (Area)'!AC$28)*7.5))) -> 0.40268351 | AE18: NQ | AF18: =IF($C18="(1,2) DG 24:0",('Données brutes POS (Area)'!AE18/('Données brutes POS (Area)'!AE$3+'Données brutes POS (Area)'!AE$17)*50),IF($C18="CAR d3-18:1",('Données brutes POS (Area)'!AE16/('Données brutes POS (Area)'!AE$28)*7.5))) -> 0.12364242 | AG18: =IF($C18="(1,2) DG 24:0",('Données brutes POS (Area)'!AF18/('Données brutes POS (Area)'!AF$3+'Données brutes POS (Area)'!AF$17)*50),IF($C18="CAR d3-18:1",('Données brutes POS (Area)'!AF16/('Données brutes POS (Area)'!AF$28)*7.5))) -> 0.11411625 | AH18: =IF($C18="(1,2) DG 24:0",('Données brutes POS (Area)'!AG18/('Données brutes POS (Area)'!AG$3+'Données brutes POS (Area)'!AG$17)*50),IF($C18="CAR d3-18:1",('Données brutes POS (Area)'!AG16/('Données brutes POS (Area)'!AG$28)*7.5))) -> 0.073065477 | AI18: =IF($C18="(1,2) DG 24:0",('Données brutes POS (Area)'!AH18/('Données brutes POS (Area)'!AH$3+'Données brutes POS (Area)'!AH$17)*50),IF($C18="CAR d3-18:1",('Données brutes POS (Area)'!AH16/('Données brutes POS (Area)'!AH$28)*7.5))) -> 0.12416858 | AJ18: =IF($C18="(1,2) DG 24:0",('Données brutes POS (Area)'!AI18/('Données brutes POS (Area)'!AI$3+'Données brutes POS (Area)'!AI$17)*50),IF($C18="CAR d3-18:1",('Données brutes POS (Area)'!AI16/('Données brutes POS (Area)'!AI$28)*7.5))) -> 0.06704733 | AK18: =IF($C18="(1,2) DG 24:0",('Données brutes POS (Area)'!AJ18/('Données brutes POS (Area)'!AJ$3+'Données brutes POS (Area)'!AJ$17)*50),IF($C18="CAR d3-18:1",('Données brutes POS (Area)'!AJ16/('Données brutes POS (Area)'!AJ$28)*7.5))) -> 0.058676953 | AL18: =IF($C18="(1,2) DG 24:0",('Données brutes POS (Area)'!AK18/('Données brutes POS (Area)'!AK$3+'Données brutes POS (Area)'!AK$17)*50),IF($C18="CAR d3-18:1",('Données brutes POS (Area)'!AK16/('Données brutes POS (Area)'!AK$28)*7.5))) -> 0.058550725 | AM18: =IF($C18="(1,2) DG 24:0",('Données brutes POS (Area)'!AL18/('Données brutes POS (Area)'!AL$3+'Données brutes POS (Area)'!AL$17)*50),IF($C18="CAR d3-18:1",('Données brutes POS (Area)'!AL16/('Données brutes POS (Area)'!AL$28)*7.5))) -> 0.2583479 | ... BH18: =IF($C18="(1,2) DG 24:0",('Données brutes POS (Area)'!BG18/('Données brutes POS (Area)'!BG$3+'Données brutes POS (Area)'!BG$17)*50),IF($C18="CAR d3-18:1",('Données brutes POS (Area)'!BG16/('Données brutes POS (Area)'!BG$28)*7.5))) -> 0.16486028 | BI18: NQ | BJ18: =IF($C18="(1,2) DG 24:0",('Données brutes POS (Area)'!BI18/('Données brutes POS (Area)'!BI$3+'Données brutes POS (Area)'!BI$17)*50),IF($C18="CAR d3-18:1",('Données brutes POS (Area)'!BI16/('Données brutes POS (Area)'!BI$28)*7.5))) -> 0.19251866 | BK18: =IF($C18="(1,2) DG 24:0",('Données brutes POS (Area)'!BJ18/('Données brutes POS (Area)'!BJ$3+'Données brutes POS (Area)'!BJ$17)*50),IF($C18="CAR d3-18:1",('Données brutes POS (Area)'!BJ16/('Données brutes POS (Area)'!BJ$28)*7.5))) -> 0.98537913 | BL18: =IF($C18="(1,2) DG 24:0",('Données brutes POS (Area)'!BK18/('Données brutes POS (Area)'!BK$3+'Données brutes POS (Area)'!BK$17)*50),IF($C18="CAR d3-18:1",('Données brutes POS (Area)'!BK16/('Données brutes POS (Area)'!BK$28)*7.5))) -> 0.8984782 | BM18: =IF($C18="(1,2) DG 24:0",('Données brutes POS (Area)'!BL18/('Données brutes POS (Area)'!BL$3+'Données brutes POS (Area)'!BL$17)*50),IF($C18="CAR d3-18:1",('Données brutes POS (Area)'!BL16/('Données brutes POS (Area)'!BL$28)*7.5))) -> 0.16814203 | BN18: =IF($C18="(1,2) DG 24:0",('Données brutes POS (Area)'!BM18/('Données brutes POS (Area)'!BM$3+'Données brutes POS (Area)'!BM$17)*50),IF($C18="CAR d3-18:1",('Données brutes POS (Area)'!BM16/('Données brutes POS (Area)'!BM$28)*7.5))) -> 0.31863241 | BO18: =IF($C18="(1,2) DG 24:0",('Données brutes POS (Area)'!BN18/('Données brutes POS (Area)'!BN$3+'Données brutes POS (Area)'!BN$17)*50),IF($C18="CAR d3-18:1",('Données brutes POS (Area)'!BN16/('Données brutes POS (Area)'!BN$28)*7.5))) -> 0.089571552 | BP18: =IF($C18="(1,2) DG 24:0",('Données brutes POS (Area)'!BO18/('Données brutes POS (Area)'!BO$3+'Données brutes POS (Area)'!BO$17)*50),IF($C18="CAR d3-18:1",('Données brutes POS (Area)'!BO16/('Données brutes POS (Area)'!BO$28)*7.5))) -> 0.22562904 | BQ18: =IF($C18="(1,2) DG 24:0",('Données brutes POS (Area)'!BP18/('Données brutes POS (Area)'!BP$3+'Données brutes POS (Area)'!BP$17)*50),IF($C18="CAR d3-18:1",('Données brutes POS (Area)'!BP16/('Données brutes POS (Area)'!BP$28)*7.5))) -> 0.39265538
